symbol,baseCoin,quoteCoin,minTradeAmount,maxTradeAmount,takerFeeRate,makerFeeRate,pricePrecision,quantityPrecision,quotePrecision,status,minTradeUSDT,buyLimitPriceRatio,sellLimitPriceRatio,areaSymbol,orderQuantity,openTime,offTime
LUMIAUSDT,LUMIA,USDT,0,900000000000000000000,0.001,0.001,3,2,5,online,1,0.02,0.02,no,200,1729332000000,
GOATUSDT,GOAT,USDT,0,900000000000000000000,0.001,0.001,4,2,6,online,1,0.02,0.02,no,200,1729314000000,
ENAEUR,ENA,EUR,0,900000000000000000000,0.001,0.001,4,2,6,online,1,0.02,0.02,no,200,1729242000000,
TONEUR,TON,EUR,0,900000000000000000000,0.001,0.001,3,2,5,online,1,0.02,0.02,no,200,1729242000000,
SXRPSUSDT,SXRP,SUSDT,0,900000000000000000000,0.001,0.001,4,1,5,online,5,200,0.99,no,200,1730174400000,
SHIBEUR,SHIB,EUR,0,900000000000000000000,0.001,0.001,8,2,10,online,1,0.02,0.02,no,200,1729155600000,
WLDEUR,WLD,EUR,0,900000000000000000000,0.001,0.001,4,2,6,online,1,0.02,0.02,no,200,1729155600000,
DBRUSDT,DBR,USDT,0,900000000000000000000,0.001,0.001,5,2,7,online,1,0.02,0.02,no,200,1729152000000,
ACTUSDT,ACT,USDT,0,900000000000000000000,0.001,0.001,4,2,6,online,1,0.05,0.05,no,200,1730206800000,
GRASSUSDT,GRASS,USDT,0,900000000000000000000,0.001,0.001,4,2,6,online,1,0.03,0.03,no,200,1730124000000,
NEIROCTOEUR,NEIROCTO,EUR,0,900000000000000000000,0.001,0.001,7,2,9,online,1,0.02,0.02,no,200,1729760400000,
SUIEUR,SUI,EUR,0,900000000000000000000,0.001,0.001,4,2,6,online,1,0.02,0.02,no,200,1729760400000,
TRXUSDT,TRX,USDT,0,900000000000000000000,0.002,0.002,4,4,8,online,1,0.05,0.05,no,200,1550736060000,
XUSDT,X,USDT,0,900000000000000000000,0.001,0.001,8,1,9,online,1,0.03,0.03,no,200,1729771200000,
LINKUSDT,LINK,USDT,0,900000000000000000000,0.002,0.002,2,4,6,online,1,0.05,0.05,no,200,1618466640000,
ONDOEUR,ONDO,EUR,0,900000000000000000000,0.001,0.001,4,2,6,online,1,0.02,0.02,no,200,1729674000000,
UNIUSDT,UNI,USDT,0,900000000000000000000,0.002,0.002,3,4,7,online,1,0.05,0.05,no,200,1618899180000,
SUSHIUSDT,SUSHI,USDT,0,900000000000000000000,0.002,0.002,3,4,7,online,1,0.05,0.05,no,200,1618985040000,
COMPUSDT,COMP,USDT,0,900000000000000000000,0.002,0.002,2,4,6,online,1,0.05,0.05,no,200,1618985100000,
SCREUR,SCR,EUR,0,900000000000000000000,0.001,0.001,3,2,5,online,1,0.02,0.02,no,200,1729584300000,
AAVEUSDT,AAVE,USDT,0,900000000000000000000,0.002,0.002,2,4,6,online,1,0.05,0.05,no,200,1619063460000,
SCRUSDT,SCR,USDT,0,900000000000000000000,0.001,0.001,3,2,5,online,1,0.02,0.02,no,200,1729584000000,
YFIUSDT,YFI,USDT,0,900000000000000000000,0.002,0.002,0,4,4,online,1,0.05,0.05,no,200,1619061360000,
NEAREUR,NEAR,EUR,0,900000000000000000000,0.001,0.001,3,2,5,online,1,0.02,0.02,no,200,1729501200000,
DOGEUSDT,DOGE,USDT,0,900000000000000000000,0.002,0.002,5,4,9,online,1,0.05,0.05,no,200,1619322660000,
CHZUSDT,CHZ,USDT,0,900000000000000000000,0.002,0.002,4,4,8,online,1,0.05,0.05,no,200,1619419320000,
PNUTUSDT,PNUT,USDT,0,900000000000000000000,0.001,0.001,4,2,6,online,1,0.05,0.05,no,200,1730980800000,
SWELLUSDT,SWELL,USDT,0,900000000000000000000,0.001,0.001,6,2,8,online,1,0.03,0.03,no,200,1730973600000,
WEETHETH,WEETH,ETH,0,900000000000000000000,0.001,0.001,4,4,8,online,1,0.1,0.1,no,200,1730714400000,
LUCEUSDT,LUCE,USDT,0,900000000000000000000,0.001,0.001,5,2,7,online,1,0.05,0.05,no,200,1730379600000,1752314400000
FUSEUSDT,FUSE,USDT,0,900000000000000000000,0.001,0.001,5,2,7,online,1,0.1,0.1,no,200,1730286000000,
BANUSDT,BAN,USDT,0,900000000000000000000,0.001,0.001,4,2,6,online,1,0.05,0.05,no,200,1730210400000,
NFPUSDT,NFP,USDT,0,900000000000000000000,0.001,0.001,4,1,5,online,1,0.02,0.02,no,200,1703672100000,
NSUSDT,NS,USDT,0,900000000000000000000,0.001,0.001,5,2,7,online,1,0.1,0.1,no,200,1731582000000,
HIPPOUSDT,HIPPO,USDT,0,900000000000000000000,0.001,0.001,6,2,8,online,1,0.05,0.05,no,200,1731511800000,
PEPECOINUSDT,PEPECOIN,USDT,0,900000000000000000000,0.001,0.001,3,2,5,online,1,10,0.9,no,200,1703502000000,
FARTCOINUSDT,FARTCOIN,USDT,0,900000000000000000000,0.001,0.001,4,2,6,online,1,0.05,0.05,no,200,1731488400000,
PEAQUSDT,PEAQ,USDT,0,900000000000000000000,0.001,0.001,4,2,6,online,1,0.05,0.05,no,200,1731402000000,
MVUSDT,MV,USDT,0,900000000000000000000,0.001,0.001,5,2,7,online,1,10,0.9,no,200,1703156400000,
BTCWUSD,BTC,WUSD,0,900000000000000000000,0.001,0.001,2,6,8,online,1,0.1,0.1,no,200,1731485951538,
MOBILEUSDT,MOBILE,USDT,0,900000000000000000000,0.001,0.001,6,2,8,online,1,10,0.9,no,200,1703667600000,
SWCHUSDT,SWCH,USDT,0,900000000000000000000,0.001,0.001,4,2,6,online,1,10,0.9,no,200,1704452400000,
AIUSDT,AI,USDT,0,900000000000000000000,0.001,0.001,5,2,7,online,1,100,0.99,no,200,1704363000000,
SOLUSDE,SOL,USDE,0,900000000000000000000,0.001,0.001,2,4,6,online,1,0.05,0.05,no,200,1732183200000,
SNEKUSDT,SNEK,USDT,0,900000000000000000000,0.001,0.001,6,2,8,online,1,10,0.9,no,200,1703761200000,
RIFSOLUSDT,RIFSOL,USDT,0,900000000000000000000,0.001,0.001,6,2,8,online,1,0.05,0.05,no,200,1731934800000,
OORTUSDT,OORT,USDT,0,900000000000000000000,0.001,0.001,4,2,6,online,1,10,0.9,no,200,1705320000000,
SOLOUSDT,SOLO,USDT,0,900000000000000000000,0.001,0.001,5,2,7,online,1,10,0.9,no,200,1705057200000,
XAIUSDT,XAI,USDT,0,900000000000000000000,0.001,0.001,4,2,6,online,1,20,0.99,no,200,1704796303023,
FISUSDT,FIS,USDT,0,900000000000000000000,0.001,0.001,4,1,5,online,1,0.05,0.05,no,200,1674122400000,
ELAUSDT,ELA,USDT,0,900000000000000000000,0.001,0.001,3,2,5,online,1,10,0.9,no,200,1704711600000,
BONEUSDT,BONE,USDT,0,900000000000000000000,0.001,0.001,4,2,6,online,1,0.05,0.05,no,200,1675328400000,
RDNTUSDT,RDNT,USDT,0,900000000000000000000,0.001,0.001,5,2,7,online,1,10,0.9,no,200,1675839600000,
SAROSUSDT,SAROS,USDT,0,900000000000000000000,0.001,0.001,6,2,8,online,1,10,0.9,no,200,1705662000000,
MANTAUSDT,MANTA,USDT,0,900000000000000000000,0.001,0.001,4,2,6,online,1,10,0.9,no,200,1705572000000,
PONKEUSDT,PONKE,USDT,0,900000000000000000000,0.001,0.001,5,2,7,online,1,10,0.9,no,200,1705575600000,
PROPSUSDT,PROPS,USDT,0,900000000000000000000,0.001,0.001,5,2,7,online,1,10,0.9,no,200,1705489200000,
UPCUSDT,UPC,USDT,0,900000000000000000000,0.001,0.001,3,2,5,online,1,10,0.9,no,200,1705489200000,
ORAIUSDT,ORAI,USDT,0,900000000000000000000,0.001,0.001,3,2,5,online,1,10,0.9,no,200,1675753200000,
IOSTUSDT,IOST,USDT,0,900000000000000000000,0.001,0.001,6,1,7,online,1,0.02,0.02,no,200,1705402800000,
COREUSDT,CORE,USDT,0,900000000000000000000,0.001,0.001,4,2,6,online,1,10,0.9,no,200,1675857600000,
ALTUSDT,ALT,USDT,0,900000000000000000000,0.001,0.001,5,2,7,online,1,0.02,0.02,no,200,1706177700000,
ONDOUSDT,ONDO,USDT,0,900000000000000000000,0.001,0.001,4,2,6,online,1,0.02,0.02,no,200,1706083200000,
WIFUSDT,WIF,USDT,0,900000000000000000000,0.001,0.001,3,2,5,online,1,0.05,0.05,no,200,1706083200000,
AVAUSDT,AVA,USDT,0,900000000000000000000,0.001,0.001,4,2,6,online,1,200,0.99,no,200,1734174000000,
THEUSDT,THE,USDT,0,900000000000000000000,0.001,0.001,4,2,6,online,1,0.05,0.05,no,200,1732633200000,
CHESSUSDT,CHESS,USDT,0,900000000000000000000,0.001,0.001,4,1,5,online,1,10,0.9,no,200,1676026800000,
ORNJUSDT,ORNJ,USDT,0,900000000000000000000,0.001,0.001,5,2,7,online,1,10,0.9,no,200,1706702400000,1752314400000
JUPUSDT,JUP,USDT,0,900000000000000000000,0.001,0.001,4,2,6,online,1,10,0.9,no,200,1706713800000,
MCHUSDT,MCH,USDT,0,900000000000000000000,0.001,0.001,5,2,7,halt,1,10,0.9,no,200,1706608800000,
DMAILUSDT,DMAIL,USDT,0,900000000000000000000,0.001,0.001,4,2,6,online,1,10,0.9,no,200,1706608800000,
BLURUSDT,BLUR,USDT,0,900000000000000000000,0.001,0.001,4,3,7,online,1,10,0.9,no,200,1676399400000,
API3USDT,API3,USDT,0,900000000000000000000,0.001,0.001,3,2,5,online,1,0.02,0.02,no,200,1706605200000,
XAUTUSDT,XAUT,USDT,0,900000000000000000000,0.001,0.001,1,4,5,online,1,10,0.9,no,200,1676458800000,
RAREUSDT,RARE,USDT,0,900000000000000000000,0.001,0.001,4,1,5,online,1,10,0.9,no,200,1676545200000,
TRUUSDT,TRU,USDT,0,900000000000000000000,0.001,0.001,4,0,4,online,1,10,0.9,no,200,1676631600000,
BIZAUSDT,BIZA,USDT,0,900000000000000000000,0.001,0.001,6,2,8,online,1,10,0.9,no,200,1707217200000,
USDCEUR,USDC,EUR,0,900000000000000000000,0.001,0.001,4,2,6,online,1,0.1,0.1,no,200,1707123600000,
VRUSDT,VR,USDT,0,900000000000000000000,0.001,0.001,5,2,7,online,1,10,0.9,no,200,1706871600000,
FIREUSDT,FIRE,USDT,0,900000000000000000000,0.001,0.001,4,4,8,online,1,10,0.9,no,200,1706778000000,
CFXUSDT,CFX,USDT,0,900000000000000000000,0.001,0.001,4,1,5,online,1,10,0.9,no,200,1676890440000,
ZETAUSDT,ZETA,USDT,0,900000000000000000000,0.001,0.001,4,2,6,online,1,0.02,0.02,no,200,1706757300000,
MDTUSDT,MDT,USDT,0,900000000000000000000,0.001,0.001,5,0,5,online,1,10,0.9,no,200,1676891640000,
COREUMUSDT,COREUM,USDT,0,900000000000000000000,0.001,0.001,4,2,6,online,1,10,0.9,no,200,1706698800000,
VELODROMEUSDT,VELODROME,USDT,0,900000000000000000000,0.001,0.001,5,1,6,online,1,0.1,0.1,no,200,1676973600000,
DYMUSDT,DYM,USDT,0,900000000000000000000,0.001,0.001,4,2,6,online,1,10,0.9,no,200,1707239700000,
MAVIAUSDT,MAVIA,USDT,0,900000000000000000000,0.001,0.001,4,2,6,online,1,0.02,0.02,no,200,1707379200000,
NAVXUSDT,NAVX,USDT,0,900000000000000000000,0.001,0.001,4,2,6,online,1,10,0.9,no,200,1707307200000,
TRACUSDT,TRAC,USDT,0,900000000000000000000,0.001,0.001,4,2,6,online,1,10,0.9,no,200,1707303600000,
LQTYUSDT,LQTY,USDT,0,900000000000000000000,0.001,0.001,3,2,5,online,1,0.1,0.1,no,200,1677150000000,
STRKUSDT,STRK,USDT,0,900000000000000000000,0.001,0.001,4,2,6,online,1,0.02,0.02,no,200,1708434000000,
ASTOUSDT,ASTO,USDT,0,900000000000000000000,0.001,0.001,5,2,7,online,1,10,0.9,no,200,1708941600000,
WLDUSDC,WLD,USDC,0,900000000000000000000,0.001,0.001,3,2,5,online,1,0.02,0.02,no,200,1708945200000,
SLNUSDT,SLN,USDT,0,900000000000000000000,0.001,0.001,4,2,6,gray,1,0.02,0.02,no,200,,
HTXUSDT,HTX,USDT,0,900000000000000000000,0.001,0.001,9,2,11,online,1,10,0.9,no,200,1711345929613,
OLASUSDT,OLAS,USDT,0,900000000000000000000,0.001,0.001,3,2,5,halt,1,10,0.9,no,200,1708599600000,
NEOUSDT,NEO,USDT,0,900000000000000000000,0.001,0.001,3,3,6,online,1,0.02,0.02,no,200,1677672000000,
FLMUSDT,FLM,USDT,0,900000000000000000000,0.001,0.001,5,0,5,online,1,0.02,0.02,no,200,1677672000000,
PIXELUSDT,PIXEL,USDT,0,900000000000000000000,0.001,0.001,4,2,6,online,1,0.02,0.02,no,200,1708337700000,
PRIMEUSDT,PRIME,USDT,0,900000000000000000000,0.001,0.001,3,2,5,online,1,0.05,0.05,no,200,1677744049368,
ELONUSDT,ELON,USDT,0,900000000000000000000,0.001,0.001,10,0,10,online,1,0.05,0.05,no,200,1677751540920,
VAIUSDT,VAI,USDT,0,900000000000000000000,0.001,0.001,5,4,9,online,1,0.05,0.05,no,200,1677844800000,1752314400000
ASTRUSDT,ASTR,USDT,0,900000000000000000000,0.001,0.001,4,0,4,online,1,0.02,0.02,no,200,1678273200000,
VELOUSDT,VELO,USDT,0,900000000000000000000,0.001,0.001,5,0,5,online,1,0.1,0.1,no,200,1680788271028,
STXUSDT,STX,USDT,0,900000000000000000000,0.001,0.001,3,2,5,online,1,0.02,0.02,no,200,1678359600000,
FONUSDT,FON,USDT,0,900000000000000000000,0.001,0.001,4,3,7,online,1,0.1,0.1,no,200,1678359600000,
TRXETH,TRX,ETH,0,900000000000000000000,0.001,0.001,8,4,12,online,1,0.05,0.05,no,200,1640245440000,
LTCETH,LTC,ETH,0,900000000000000000000,0.001,0.001,5,4,9,online,1,0.05,0.05,no,200,1640326500000,
GFALUSDT,GFAL,USDT,0,900000000000000000000,0.001,0.001,6,0,6,online,1,10,0.9,no,200,1678726800000,
RJVUSDT,RJV,USDT,0,900000000000000000000,0.001,0.001,6,0,6,online,1,10,0.9,no,200,1678968000000,1752314400000
SETF1001USDT,SETF1001,USDT,0,900000000000000000000,0.001,0.001,4,2,6,halt,1,0.05,0.05,no,200,1681973560554,
RONUSDT,RON,USDT,0,900000000000000000000,0.001,0.001,3,0,3,online,1,10,0.9,no,200,1679400000000,
XEMUSDT,XEM,USDT,0,900000000000000000000,0.001,0.001,5,4,9,online,1,0.05,0.05,no,200,1642401900000,
ZENUSDT,ZEN,USDT,0,900000000000000000000,0.001,0.001,3,2,5,online,1,0.1,0.1,no,200,1737543600000,
LOOKSUSDT,LOOKS,USDT,0,900000000000000000000,0.001,0.001,5,4,9,online,1,0.05,0.05,no,200,1642670520000,
PEOPLEUSDT,PEOPLE,USDT,0,900000000000000000000,0.001,0.001,5,4,9,online,1,0.05,0.05,no,200,1642563900000,
METISUSDT,METIS,USDT,0,900000000000000000000,0.001,0.001,2,4,6,online,1,0.05,0.05,no,200,1643179200000,
ACAUSDT,ACA,USDT,0,900000000000000000000,0.001,0.001,5,4,9,online,1,0.05,0.05,no,200,1643107020000,
ALPHAUSDT,ALPHA,USDT,0,900000000000000000000,0.001,0.001,5,4,9,online,1,0.05,0.05,no,200,1643266860000,
BABYDOGEUSDT,BABYDOGE,USDT,0,900000000000000000000,0.001,0.001,12,0,12,online,1,0.05,0.05,no,200,1643354460000,
JUVUSDT,JUV,USDT,0,900000000000000000000,0.001,0.001,3,4,7,online,1,0.05,0.05,no,200,1643423580000,
KAIAUSDT,KAIA,USDT,0,900000000000000000000,0.001,0.001,5,4,9,online,1,0.05,0.05,no,200,1730361606457,
USDCUSDT,USDC,USDT,0,900000000000000000000,0.001,0.001,4,4,8,online,1,0.05,0.05,no,200,1643356860000,
AUDIOUSDT,AUDIO,USDT,0,900000000000000000000,0.001,0.001,4,4,8,online,1,0.05,0.05,no,200,1644387840000,
C98USDT,C98,USDT,0,900000000000000000000,0.001,0.001,4,4,8,online,1,0.05,0.05,no,200,1644387900000,
TLOSUSDT,TLOS,USDT,0,900000000000000000000,0.001,0.001,4,4,8,online,1,0.05,0.05,no,200,1647929280000,
ILVUSDT,ILV,USDT,0,900000000000000000000,0.001,0.001,2,4,6,online,1,0.05,0.05,no,200,1644465360000,
WEMIXUSDT,WEMIX,USDT,0,900000000000000000000,0.001,0.001,4,4,8,online,1,0.05,0.05,no,200,1644561960000,
RSS3USDT,RSS3,USDT,0,900000000000000000000,0.001,0.001,4,2,6,online,1,0.05,0.05,no,200,1644827940000,
ARPAUSDT,ARPA,USDT,0,900000000000000000000,0.001,0.001,5,1,6,online,1,0.05,0.05,no,200,1644908100000,
DUSKUSDT,DUSK,USDT,0,900000000000000000000,0.001,0.001,4,0,4,online,1,10,0.9,no,200,1645169160000,
WOOUSDT,WOO,USDT,0,900000000000000000000,0.001,0.001,4,1,5,online,1,0.05,0.05,no,200,1645500360000,
FTTUSDT,FTT,USDT,0,900000000000000000000,0.001,0.001,4,2,6,online,1,0.05,0.05,no,200,1645691940000,
WINUSDT,WIN,USDT,0,900000000000000000000,0.001,0.001,8,0,8,online,1,0.05,0.05,no,200,1645774200000,
SUNUSDT,SUN,USDT,0,900000000000000000000,0.001,0.001,5,0,5,online,1,0.05,0.05,no,200,1645774440000,
PSTAKEUSDT,PSTAKE,USDT,0,900000000000000000000,0.001,0.001,5,2,7,online,1,0.05,0.05,no,200,1646118720000,
ARUSDT,AR,USDT,0,900000000000000000000,0.001,0.001,2,2,4,online,1,0.05,0.05,no,200,1646382840000,
PERPUSDT,PERP,USDT,0,900000000000000000000,0.001,0.001,4,2,6,online,1,0.05,0.05,no,200,1646202600000,
LUNAUSDT,LUNA,USDT,0,900000000000000000000,0.001,0.001,4,3,7,online,1,0.05,0.05,no,200,1646294160000,
GMTUSDT,GMT,USDT,0,900000000000000000000,0.001,0.001,4,2,6,online,1,0.05,0.05,no,200,1647250980000,
SDUSDT,SD,USDT,0,900000000000000000000,0.001,0.001,4,3,7,online,1,0.05,0.05,no,200,1647354720000,
MAGICUSDT,MAGIC,USDT,0,900000000000000000000,0.001,0.001,4,3,7,online,1,0.05,0.05,no,200,1647415500000,
KSMUSDT,KSM,USDT,0,900000000000000000000,0.001,0.001,2,3,5,online,1,0.05,0.05,no,200,1647499920000,
APEUSDT,APE,USDT,0,900000000000000000000,0.001,0.001,4,4,8,online,1,0.05,0.05,no,200,1647520200000,
POKTUSDT,POKT,USDT,0,900000000000000000000,0.001,0.001,5,2,7,online,1,200,0.99,no,200,1748617200000,
XDCUSDT,XDC,USDT,0,900000000000000000000,0.001,0.001,5,2,7,online,1,10,0.9,no,200,1647954900000,
ADAUSDT,ADA,USDT,0,900000000000000000000,0.001,0.001,4,3,7,online,1,0.05,0.05,no,200,1648021920000,
EGLDUSDT,EGLD,USDT,0,900000000000000000000,0.001,0.001,2,3,5,online,1,0.05,0.05,no,200,1648537680000,
STGUSDT,STG,USDT,0,900000000000000000000,0.001,0.001,4,3,7,online,1,0.05,0.05,no,200,1648537680000,
RUNEUSDT,RUNE,USDT,0,900000000000000000000,0.001,0.001,3,3,6,online,1,0.05,0.05,no,200,1648537680000,
COWUSDT,COW,USDT,0,900000000000000000000,0.001,0.001,4,2,6,online,1,200,0.99,no,200,1730890800000,
RAYUSDT,RAY,USDT,0,900000000000000000000,0.001,0.001,3,2,5,online,1,0.05,0.05,no,200,1648629420000,
BSWUSDT,BSW,USDT,0,900000000000000000000,0.001,0.001,4,2,6,online,1,0.05,0.05,no,200,1648630140000,
DODOUSDT,DODO,USDT,0,900000000000000000000,0.001,0.001,4,1,5,online,1,0.05,0.05,no,200,1648629480000,
ORCAUSDT,ORCA,USDT,0,900000000000000000000,0.001,0.001,3,2,5,online,1,200,0.99,no,200,1733490000000,
MORPHOUSDT,MORPHO,USDT,0,900000000000000000000,0.001,0.001,4,2,6,online,1,0.1,0.1,no,200,1732183200000,
BTCUSDE,BTC,USDE,0,900000000000000000000,0.001,0.001,2,6,8,online,1,0.05,0.05,no,200,1732183200000,
ETHUSDE,ETH,USDE,0,900000000000000000000,0.001,0.001,2,4,6,online,1,0.05,0.05,no,200,1732183200000,
PREMARKET3USDT,PREMARKET3,USDT,0,900000000000000000000,0.001,0.001,4,2,6,gray,1,200,0.99,no,200,,
CHEEMSUSDT,CHEEMS,USDT,0,900000000000000000000,0.001,0.001,10,1,11,online,1,0.05,0.05,no,200,1732352400000,
ZRCUSDT,ZRC,USDT,0,900000000000000000000,0.001,0.001,5,2,7,online,1,0.03,0.03,no,200,1732528800000,
MEMEFIUSDT,MEMEFI,USDT,0,900000000000000000000,0.001,0.001,6,2,8,online,1,0.03,0.03,no,200,1732280400000,
AIXBTUSDT,AIXBT,USDT,0,900000000000000000000,0.001,0.001,4,2,6,online,1,0.05,0.05,no,200,1732957200000,
CLANKERUSDT,CLANKER,USDT,0,900000000000000000000,0.001,0.001,2,2,4,online,1,0.05,0.05,no,200,1732788000000,
CHILLGUYUSDT,CHILLGUY,USDT,0,900000000000000000000,0.001,0.001,5,2,7,online,1,0.1,0.1,no,200,1732708800000,
MAJORUSDT,MAJOR,USDT,0,900000000000000000000,0.001,0.001,4,2,6,online,1,0.03,0.03,no,200,1732795200000,
MGTUSDT,MGT,USDT,0,900000000000000000000,0.001,0.001,5,2,7,online,1,0.05,0.05,no,200,1732795200000,1752314400000
FUSDT,F,USDT,0,900000000000000000000,0.001,0.001,4,2,6,online,1,0.1,0.1,no,200,1733479200000,
OMUSDT,OM,USDT,0,900000000000000000000,0.001,0.001,4,2,6,online,1,0.1,0.1,no,200,1733392800000,
XIONUSDT,XION,USDT,0,900000000000000000000,0.001,0.001,4,2,6,online,1,0.03,0.03,no,200,1733392800000,
HBARUSDT,HBAR,USDT,0,900000000000000000000,0.001,0.001,4,2,6,online,1,0.02,0.02,no,200,1733130000000,
ALCHUSDT,ALCH,USDT,0,900000000000000000000,0.001,0.001,5,2,7,online,1,0.05,0.05,no,200,1733911200000,
KOMAUSDT,KOMA,USDT,0,900000000000000000000,0.001,0.001,5,2,7,online,1,0.05,0.05,no,200,1733839200000,
MOZUSDT,MOZ,USDT,0,900000000000000000000,0.001,0.001,5,2,7,online,1,0.1,0.1,no,200,1733824800000,1752314400000
MEUSDT,ME,USDT,0,900000000000000000000,0.001,0.001,4,2,6,online,1,0.02,0.02,no,200,1733839200000,
BGSCUSDT,BGSC,USDT,0,900000000000000000000,0.001,0.001,6,2,8,online,1,0.1,0.1,no,200,1733745600000,
MOVEUSDT,MOVE,USDT,0,900000000000000000000,0.001,0.001,4,2,6,online,1,0.02,0.02,no,200,1733745600000,
ARCUSDT,ARC,USDT,0,900000000000000000000,0.001,0.001,4,2,6,online,1,0.05,0.05,no,200,1734188400000,
HOLDCOINUSDT,HOLDCOIN,USDT,0,900000000000000000000,0.001,0.001,6,2,8,online,1,0.1,0.1,no,200,1734354000000,1752314400000
GRIFFAINUSDT,GRIFFAIN,USDT,0,900000000000000000000,0.001,0.001,4,2,6,online,1,0.05,0.05,no,200,1734004800000,
HYPEUSDT,HYPE,USDT,0,900000000000000000000,0.001,0.001,2,2,4,online,1,0.1,0.1,no,200,1734516000000,
REXUSDT,REX,USDT,0,900000000000000000000,0.001,0.001,5,2,7,online,1,0.1,0.1,no,200,1734521400000,
ISLANDUSDT,ISLAND,USDT,0,900000000000000000000,0.001,0.001,4,2,6,online,1,0.03,0.03,no,200,1734447600000,
USUALUSDT,USUAL,USDT,0,900000000000000000000,0.001,0.001,4,2,6,online,1,0.02,0.02,no,200,1734519600000,
PENGUUSDT,PENGU,USDT,0,900000000000000000000,0.001,0.001,6,2,8,online,1,0.1,0.1,no,200,1734444000000,
VANAUSDT,VANA,USDT,0,900000000000000000000,0.001,0.001,4,2,6,online,1,0.1,0.1,no,200,1734348600000,
ALGOUSDT,ALGO,USDT,0,900000000000000000000,0.001,0.001,4,2,6,online,1,0.02,0.02,no,200,1734339600000,
TOMAUSDT,TOMA,USDT,0,900000000000000000000,0.001,0.001,10,0,10,online,1,0.1,0.1,no,200,1734696000000,
EARNMUSDT,EARNM,USDT,0,900000000000000000000,0.001,0.001,6,2,8,online,1,0.1,0.1,no,200,1734616800000,
FUELUSDT,FUEL,USDT,0,900000000000000000000,0.001,0.001,5,2,7,online,1,0.1,0.1,no,200,1734602400000,
SONICUSDT,SONIC,USDT,0,900000000000000000000,0.001,0.001,6,2,8,online,1,0.03,0.03,no,200,1736251200000,
BIOUSDT,BIO,USDT,0,900000000000000000000,0.001,0.001,4,2,6,online,1,0.1,0.1,no,200,1735898400000,
SWARMSUSDT,SWARMS,USDT,0,900000000000000000000,0.001,0.001,5,2,7,online,1,0.05,0.05,no,200,1735812000000,
ZEREBROUSDT,ZEREBRO,USDT,0,900000000000000000000,0.001,0.001,4,2,6,online,1,0.03,0.03,no,200,1735639200000,
BLUEUSDT,BLUE,USDT,0,900000000000000000000,0.001,0.001,4,2,6,online,1,0.1,0.1,no,200,1735632000000,
WEETHUSDT,WEETH,USDT,0,900000000000000000000,0.001,0.001,2,4,6,online,1,0.1,0.1,no,200,1735542000000,
PHAUSDT,PHA,USDT,0,900000000000000000000,0.001,0.001,4,2,6,online,1,0.02,0.02,no,200,1735297200000,
AI16ZUSDT,AI16Z,USDT,0,900000000000000000000,0.001,0.001,4,2,6,online,1,0.05,0.05,no,200,1735995600000,
GPSUSDT,GPS,USDT,0,900000000000000000000,0.001,0.001,5,2,7,online,1,0.1,0.1,no,200,1737021600000,
SOLVUSDT,SOLV,USDT,0,900000000000000000000,0.001,0.001,5,2,7,online,1,0.02,0.02,no,200,1737108000000,
TREATUSDT,TREAT,USDT,0,900000000000000000000,0.001,0.001,6,2,8,online,1,0.05,0.05,no,200,1736852400000,
PIPPINUSDT,PIPPIN,USDT,0,900000000000000000000,0.001,0.001,5,2,7,online,1,0.05,0.05,no,200,1739880187604,
DUSDT,D,USDT,0,900000000000000000000,0.001,0.001,5,2,7,online,1,0.02,0.02,no,200,1736409600000,
BUZZUSDT,BUZZ,USDT,0,900000000000000000000,0.001,0.001,5,2,7,online,1,0.05,0.05,no,200,1736323200000,1752314400000
U2UUSDT,U2U,USDT,0,900000000000000000000,0.001,0.001,6,2,8,online,1,0.1,0.1,no,200,1736334000000,
XTERUSDT,XTER,USDT,0,900000000000000000000,0.001,0.001,4,2,6,online,1,0.03,0.03,no,200,1736330400000,
HIVEUSDT,HIVE,USDT,0,900000000000000000000,0.001,0.001,4,2,6,online,1,0.02,0.02,no,200,1736244000000,
SUSDT,S,USDT,0,900000000000000000000,0.001,0.001,4,2,6,online,1,0.02,0.02,no,200,1737014400000,
MELANIAUSDT,MELANIA,USDT,0,900000000000000000000,0.001,0.001,3,2,5,online,1,0.05,0.05,no,200,1737343800000,
TRUMPUSDT,TRUMP,USDT,0,900000000000000000000,0.001,0.001,3,2,5,online,1,0.1,0.1,no,200,1737194400000,
AVAAIUSDT,AVAAI,USDT,0,900000000000000000000,0.001,0.001,4,2,6,online,1,0.05,0.05,no,200,1737194400000,
FARMUSDT,FARM,USDT,0,900000000000000000000,0.001,0.001,4,2,6,online,1,0.1,0.1,no,200,1737111600000,1752314400000
NCUSDT,NC,USDT,0,900000000000000000000,0.001,0.001,5,2,7,online,1,0.1,0.1,no,200,1751200679088,
VERTUSDT,VERT,USDT,0,900000000000000000000,0.001,0.001,6,2,8,online,1,0.1,0.1,no,200,1737118800000,
MXNAUSDT,MXNA,USDT,0,900000000000000000000,0.001,0.001,5,2,7,online,1,0.1,0.1,no,200,1737028800000,1752314400000
DUCKUSDT,DUCK,USDT,0,900000000000000000000,0.001,0.001,6,2,8,online,1,0.1,0.1,no,200,1737021600000,
ONDOUSDC,ONDO,USDC,0,900000000000000000000,0.001,0.001,4,2,6,online,1,0.03,0.03,no,200,1737885600000,
USDSUSDT,USDS,USDT,0,900000000000000000000,0.001,0.001,4,2,6,online,1,0.1,0.1,no,200,1737698400000,
VINEUSDT,VINE,USDT,0,900000000000000000000,0.001,0.001,5,2,7,online,1,0.05,0.05,no,200,1737642600000,
ANIMEUSDT,ANIME,USDT,0,900000000000000000000,0.001,0.001,4,2,6,online,1,0.02,0.02,no,200,1737640800000,
SKYUSDT,SKY,USDT,0,900000000000000000000,0.001,0.001,5,2,7,online,1,0.05,0.05,no,200,1737633600000,
MDOGSUSDT,MDOGS,USDT,0,900000000000000000000,0.001,0.001,9,0,9,online,1,0.1,0.1,no,200,1737619200000,1752314400000
YULIUSDT,YULI,USDT,0,900000000000000000000,0.001,0.001,6,2,8,online,1,0.1,0.1,no,200,1737633600000,1752314400000
VTHOUSDT,VTHO,USDT,0,900000000000000000000,0.001,0.001,6,2,8,online,1,0.02,0.02,no,200,1737540000000,
JUSDT,J,USDT,0,900000000000000000000,0.001,0.001,4,2,6,online,1,0.1,0.1,no,200,1737540000000,
PLUMEUSDT,PLUME,USDT,0,900000000000000000000,0.001,0.001,5,2,7,online,1,0.1,0.1,no,200,1737450000000,
TRUMPUSDC,TRUMP,USDC,0,900000000000000000000,0.001,0.001,3,2,5,online,1,0.05,0.05,no,200,1737372600000,
ANLOGUSDT,ANLOG,USDT,0,900000000000000000000,0.001,0.001,6,2,8,online,1,0.05,0.05,no,200,1739185200000,
JELLYJELLYUSDT,JELLYJELLY,USDT,0,900000000000000000000,0.001,0.001,5,2,7,online,1,0.05,0.05,no,200,1738224000000,
INJUSDC,INJ,USDC,0,900000000000000000000,0.001,0.001,2,2,4,online,1,0.02,0.02,no,200,1737972000000,
PHAUSDC,PHA,USDC,0,900000000000000000000,0.001,0.001,4,0,4,online,1,0.02,0.02,no,200,1737972000000,
RENDERUSDC,RENDER,USDC,0,900000000000000000000,0.001,0.001,3,2,5,online,1,0.02,0.02,no,200,1737972000000,
PORTALUSDT,PORTAL,USDT,0,900000000000000000000,0.001,0.001,4,2,6,online,1,10,0.9,no,200,1709200800000,
XLMUSDC,XLM,USDC,0,900000000000000000000,0.001,0.001,4,0,4,online,1,0.02,0.02,no,200,1737972000000,
ICEUSDT,ICE,USDT,0,900000000000000000000,0.001,0.001,6,2,8,online,1,10,0.9,no,200,1709118000000,
UFDUSDT,UFD,USDT,0,900000000000000000000,0.001,0.001,5,2,7,online,1,0.05,0.05,no,200,1737975600000,1752314400000
TAOUSDC,TAO,USDC,0,900000000000000000000,0.001,0.001,1,4,5,online,1,0.02,0.02,no,200,1737885600000,
FETUSDC,FET,USDC,0,900000000000000000000,0.001,0.001,3,1,4,online,1,0.02,0.02,no,200,1737885600000,
MLUSDT,ML,USDT,0,900000000000000000000,0.001,0.001,5,2,7,online,1,10,0.9,no,200,1709031600000,
PEPEUSDC,PEPE,USDC,0,900000000000000000000,0.001,0.001,8,0,8,online,1,0.02,0.02,no,200,1737885600000,
SUIUSDC,SUI,USDC,0,900000000000000000000,0.001,0.001,4,1,5,online,1,0.02,0.02,no,200,1737885600000,
MAPOUSDT,MAPO,USDT,0,900000000000000000000,0.001,0.001,6,2,8,online,1,10,0.9,no,200,1709726400000,
NESSUSDT,NESS,USDT,0,900000000000000000000,0.001,0.001,5,2,7,online,1,10,0.9,no,200,1709809200000,
SOLBTC,SOL,BTC,0,900000000000000000000,0.001,0.001,7,2,9,online,1,0.02,0.02,no,200,1709809200000,
AVAXBTC,AVAX,BTC,0,900000000000000000000,0.001,0.001,7,2,9,online,1,0.02,0.02,no,200,1709809200000,
ORDIBTC,ORDI,BTC,0,900000000000000000000,0.001,0.001,7,2,9,online,1,0.02,0.02,no,200,1709809201000,
ALGOUSDC,ALGO,USDC,0,900000000000000000000,0.001,0.001,4,0,4,online,1,0.02,0.02,no,200,1739008800000,
POLUSDC,POL,USDC,0,900000000000000000000,0.001,0.001,4,1,5,online,1,0.02,0.02,no,200,1738836000000,
FETBTC,FET,BTC,0,900000000000000000000,0.001,0.001,8,1,9,online,1,0.02,0.02,no,200,1709809201000,
USDEUSDC,USDE,USDC,0,900000000000000000000,0.001,0.001,4,2,6,online,1,0.03,0.03,no,200,1738836000000,
ICPUSDC,ICP,USDC,0,900000000000000000000,0.001,0.001,3,2,5,online,1,0.02,0.02,no,200,1738836000000,
WENUSDT,WEN,USDT,0,900000000000000000000,0.001,0.001,7,1,8,online,1,10,0.9,no,200,1709722800000,
BERAUSDT,BERA,USDT,0,900000000000000000000,0.001,0.001,4,2,6,online,1,0.05,0.05,no,200,1738846800000,
KLVUSDT,KLV,USDT,0,900000000000000000000,0.001,0.001,6,3,9,online,1,10,0.9,no,200,1710500400000,
AEVOUSDT,AEVO,USDT,0,900000000000000000000,0.001,0.001,4,2,6,online,1,10,0.9,no,200,1710324000000,
IDUSDT,ID,USDT,0,900000000000000000000,0.001,0.001,4,0,4,online,1,10,0.9,no,200,1679486400000,
SCAUSDT,SCA,USDT,0,900000000000000000000,0.001,0.001,4,2,6,online,1,10,0.9,no,200,1709892600000,
ARBUSDT,ARB,USDT,0,900000000000000000000,0.001,0.001,4,2,6,online,1,10,0.9,no,200,1679576400000,
TAOUSDT,TAO,USDT,0,900000000000000000000,0.001,0.001,1,3,4,online,1,0.1,0.1,no,200,1680213600000,
ETHFIUSDT,ETHFI,USDT,0,900000000000000000000,0.001,0.001,4,2,6,online,1,10,0.9,no,200,1710763200000,
BOMEUSDT,BOME,USDT,0,900000000000000000000,0.001,0.001,6,1,7,online,1,10,0.9,no,200,1710496800000,
BRETTUSDT,BRETT,USDT,0,900000000000000000000,0.001,0.001,5,2,7,online,1,10,0.9,no,200,1711353688089,
CGPTUSDT,CGPT,USDT,0,900000000000000000000,0.001,0.001,5,0,5,online,1,10,0.9,no,200,1681128000000,
CREOUSDT,CREO,USDT,0,900000000000000000000,0.001,0.001,5,2,7,online,1,10,0.9,no,200,1710500400000,
PENDLEUSDT,PENDLE,USDT,0,900000000000000000000,0.001,0.001,3,3,6,online,1,0.1,0.1,no,200,1681297200000,
STETHUSDT,STETH,USDT,0,900000000000000000000,0.001,0.001,2,4,6,online,1,0.05,0.05,no,200,1681902000000,
AIDOGEUSDT,AIDOGE,USDT,0,900000000000000000000,0.001,0.001,13,0,13,online,1,0.05,0.05,no,200,1681819200000,
PEPEUSDT,PEPE,USDT,0,900000000000000000000,0.001,0.001,8,0,8,online,1,0.1,0.1,no,200,1681811937480,
ZKJUSDT,ZKJ,USDT,0,900000000000000000000,0.001,0.001,3,2,5,online,1,10,0.9,no,200,1710842400000,
BGBEUR,BGB,EUR,0,900000000000000000000,0.001,0.001,3,4,7,online,1,0.05,0.05,no,200,1681887623000,
BGBBRL,BGB,BRL,0,900000000000000000000,0.001,0.001,3,4,7,online,1,0.05,0.05,no,200,1681887770000,
SLERFUSDT,SLERF,USDT,0,900000000000000000000,0.001,0.001,4,2,6,online,1,10,0.9,no,200,1710756000000,
TOMIUSDT,TOMI,USDT,0,900000000000000000000,0.001,0.001,5,2,7,online,1,0.1,0.1,no,200,1682334000000,
ALEUSDT,ALE,USDT,0,900000000000000000000,0.001,0.001,4,2,6,online,1,10,0.9,no,200,1711105200000,
MCUSDT,MC,USDT,0,900000000000000000000,0.001,0.001,4,2,6,online,1,10,0.9,no,200,1711018800000,1752314400000
SUIUSDT,SUI,USDT,0,900000000000000000000,0.001,0.001,4,2,6,online,1,0.1,0.1,no,200,1683115200000,
DEGENUSDT,DEGEN,USDT,0,900000000000000000000,0.001,0.001,5,2,7,online,1,10,0.9,no,200,1711368001000,
TURBOUSDT,TURBO,USDT,0,900000000000000000000,0.001,0.001,6,0,6,online,1,0.2,0.2,no,200,1683287588174,
KASUSDT,KAS,USDT,0,900000000000000000000,0.001,0.001,5,0,5,online,1,0.05,0.05,no,200,1683630000000,
PCIUSDT,PCI,USDT,0,900000000000000000000,0.001,0.001,5,0,5,online,1,0.1,0.1,no,200,1683635400000,
GFIUSDT,GFI,USDT,0,900000000000000000000,0.001,0.001,3,2,5,online,1,10,0.9,no,200,1711710000000,
ORDIUSDT,ORDI,USDT,0,900000000000000000000,0.001,0.001,2,3,5,online,1,0.1,0.1,no,200,1683721373765,
CATBOYUSDT,CATBOY,USDT,0,900000000000000000000,0.001,0.001,6,2,8,online,1,10,0.9,no,200,1740142804338,1752314400000
AEROUSDT,AERO,USDT,0,900000000000000000000,0.001,0.001,3,2,5,online,1,10,0.9,no,200,1711450801000,
LADYSUSDT,LADYS,USDT,0,900000000000000000000,0.001,0.001,10,0,10,online,1,0.1,0.1,no,200,1683792000000,1752314400000
LYXUSDT,LYX,USDT,0,900000000000000000000,0.001,0.001,3,2,5,online,1,10,0.9,no,200,1712057400000,1752314400000
USDEUSDT,USDE,USDT,0,900000000000000000000,0.001,0.001,4,2,6,online,1,10,0.9,no,200,1711807200000,
PROPCUSDT,PROPC,USDT,0,900000000000000000000,0.001,0.001,3,2,5,online,1,10,0.9,no,200,1684418400000,1752314400000
OSMOUSDT,OSMO,USDT,0,900000000000000000000,0.001,0.001,4,3,7,online,1,0.05,0.05,no,200,1648795740000,
ZILUSDT,ZIL,USDT,0,900000000000000000000,0.001,0.001,5,3,8,online,1,0.05,0.05,no,200,1648803600000,
MAVUSDT,MAV,USDT,0,900000000000000000000,0.001,0.001,5,2,7,online,1,10,0.9,no,200,1687939200000,
AURORAUSDT,AURORA,USDT,0,900000000000000000000,0.001,0.001,4,3,7,online,1,0.05,0.05,no,200,1649233500000,
NEXOUSDT,NEXO,USDT,0,900000000000000000000,0.001,0.001,3,2,5,online,1,0.05,0.05,no,200,1649233500000,
AMPUSDT,AMP,USDT,0,900000000000000000000,0.001,0.001,6,3,9,online,1,0.05,0.05,no,200,1649233500000,
LPTUSDT,LPT,USDT,0,900000000000000000000,0.001,0.001,3,2,5,online,1,0.05,0.05,no,200,1649233500000,
PEPE2USDT,PEPE2,USDT,0,900000000000000000000,0.001,0.001,11,0,11,online,1,0.2,0.2,no,200,1688023800000,1752314400000
PAXGUSDT,PAXG,USDT,0,900000000000000000000,0.001,0.001,0,4,4,online,1,0.05,0.05,no,200,1649404620000,
TELUSDT,TEL,USDT,0,900000000000000000000,0.001,0.001,6,1,7,online,1,0.1,0.1,no,200,1718355600000,
BGBETH,BGB,ETH,0,900000000000000000000,0.001,0.001,6,4,10,online,1,0.05,0.05,no,200,1654684920000,
BGBBTC,BGB,BTC,0,900000000000000000000,0.001,0.001,8,4,12,online,1,0.05,0.05,no,200,1654684920000,
NFTUSDT,NFT,USDT,0,900000000000000000000,0.001,0.001,10,0,10,online,1,0.05,0.05,no,200,1650013740000,
TUSDUSDT,TUSD,USDT,0,900000000000000000000,0.001,0.001,4,0,4,online,1,0.05,0.05,no,200,1717664399890,
BTTUSDT,BTT,USDT,0,900000000000000000000,0.001,0.001,9,0,9,online,1,0.05,0.05,no,200,1650014280000,
GLMUSDT,GLM,USDT,0,900000000000000000000,0.001,0.001,4,0,4,online,1,0.05,0.05,no,200,1650016740000,
NYMUSDT,NYM,USDT,0,900000000000000000000,0.001,0.001,4,0,4,online,1,0.05,0.05,no,200,1650016740000,
GSTUSDT,GST,USDT,0,900000000000000000000,0.001,0.001,5,3,8,online,1,0.05,0.05,no,200,1650448980000,
VTUSDT,VT,USDT,0,900000000000000000000,0.001,0.001,5,0,5,online,1,10,0.9,no,200,1650542400000,
FLUXUSDT,FLUX,USDT,0,900000000000000000000,0.001,0.001,4,3,7,online,1,0.05,0.05,no,200,1650620460000,
ROSEUSDT,ROSE,USDT,0,900000000000000000000,0.001,0.001,5,2,7,online,1,0.05,0.05,no,200,1651047060000,
NEARUSDT,NEAR,USDT,0,900000000000000000000,0.001,0.001,3,2,5,online,1,0.05,0.05,no,200,1651219500000,
DAIUSDT,DAI,USDT,0,900000000000000000000,0.001,0.001,4,0,4,online,1,0.05,0.05,no,200,1651917780000,
HNTUSDT,HNT,USDT,0,900000000000000000000,0.001,0.001,3,3,6,online,1,0.05,0.05,no,200,1652083380000,
WAXPUSDT,WAXP,USDT,0,900000000000000000000,0.001,0.001,5,2,7,online,1,0.02,0.02,no,200,1698660000000,
GALFANUSDT,GALFAN,USDT,0,900000000000000000000,0.001,0.001,3,4,7,online,1,0.1,0.1,no,200,1718103600000,
BTCUSDC,BTC,USDC,0,900000000000000000000,0.001,0.001,2,5,7,online,1,0.05,0.05,no,200,1653469620000,
ENJUSDT,ENJ,USDT,0,900000000000000000000,0.002,0.002,5,1,6,online,1,0.05,0.05,no,200,1699340400000,
MANAUSDT,MANA,USDT,0,900000000000000000000,0.002,0.002,4,4,8,online,1,0.05,0.05,no,200,1619764260000,
XRPUSDT,XRP,USDT,0,900000000000000000000,0.002,0.002,4,4,8,online,1,0.05,0.05,no,200,1557133320000,
BTCUSDT,BTC,USDT,0,900000000000000000000,0.002,0.002,2,6,8,online,1,0.05,0.05,no,200,1532454360000,
ETHUSDT,ETH,USDT,0,900000000000000000000,0.002,0.002,2,4,6,online,1,0.05,0.05,no,200,1532450400000,
ETHBTC,ETH,BTC,0,900000000000000000000,0.002,0.002,5,4,9,online,1,0.05,0.05,no,200,1533025140000,
LTCUSDT,LTC,USDT,0,900000000000000000000,0.002,0.002,2,4,6,online,1,0.05,0.05,no,200,1533518760000,
BCHUSDT,BCH,USDT,0,900000000000000000000,0.002,0.002,1,4,5,online,1,0.05,0.05,no,200,1534921620000,
ETHUSDC,ETH,USDC,0,900000000000000000000,0.001,0.001,2,4,6,online,1,0.05,0.05,no,200,1653469620000,
XRPUSDC,XRP,USDC,0,900000000000000000000,0.001,0.001,4,0,4,online,1,0.05,0.05,no,200,1653469620000,
ADAUSDC,ADA,USDC,0,900000000000000000000,0.001,0.001,4,0,4,online,1,0.05,0.05,no,200,1653469620000,
SOLUSDC,SOL,USDC,0,900000000000000000000,0.001,0.001,2,2,4,online,1,0.05,0.05,no,200,1653469560000,
LTCUSDC,LTC,USDC,0,900000000000000000000,0.001,0.001,2,3,5,online,1,0.02,0.02,no,200,1738922400000,
LINKUSDC,LINK,USDC,0,900000000000000000000,0.001,0.001,2,2,4,online,1,0.05,0.05,no,200,1653554880000,
DOTUSDC,DOT,USDC,0,900000000000000000000,0.001,0.001,3,2,5,online,1,0.05,0.05,no,200,1653641700000,
ETCUSDT,ETC,USDT,0,900000000000000000000,0.002,0.002,2,4,6,online,1,0.05,0.05,no,200,1538118480000,
EOSUSDT,EOS,USDT,0,900000000000000000000,0.002,0.002,4,4,8,halt,1,0.05,0.05,no,200,1558681200000,
SHIBUSDT,SHIB,USDT,0,900000000000000000000,0.002,0.002,8,4,12,online,1,0.1,0.1,no,200,1620628740000,
1INCHUSDT,1INCH,USDT,0,900000000000000000000,0.002,0.002,4,4,8,online,1,0.05,0.05,no,200,1620628260000,
MKRUSDT,MKR,USDT,0,900000000000000000000,0.002,0.002,0,4,4,online,1,0.05,0.05,no,200,1620717180000,
UMAUSDT,UMA,USDT,0,900000000000000000000,0.002,0.002,3,4,7,online,1,0.05,0.05,no,200,1620717180000,
ZRXUSDT,ZRX,USDT,0,900000000000000000000,0.002,0.002,4,4,8,online,1,0.05,0.05,no,200,1620799920000,
DOGEUSDC,DOGE,USDC,0,900000000000000000000,0.001,0.001,5,3,8,online,1,0.05,0.05,no,200,1653642060000,
BCHUSDC,BCH,USDC,0,900000000000000000000,0.001,0.001,1,3,4,online,1,0.02,0.02,no,200,1738836000000,
LUNCUSDT,LUNC,USDT,0,900000000000000000000,0.001,0.001,8,0,8,online,1,0.05,0.05,no,200,1653820440000,
USTCUSDT,USTC,USDT,0,900000000000000000000,0.001,0.001,5,0,5,online,1,0.05,0.05,no,200,1653820440000,
SXPUSDT,SXP,USDT,0,900000000000000000000,0.001,0.001,4,1,5,online,1,0.05,0.05,no,200,1653990660000,
OPUSDT,OP,USDT,0,900000000000000000000,0.001,0.001,3,2,5,online,1,0.05,0.05,no,200,1654023600000,
BGBUSDC,BGB,USDC,0,900000000000000000000,0.001,0.001,3,4,7,online,1,0.05,0.05,no,200,1656642960000,
LRCUSDT,LRC,USDT,0,900000000000000000000,0.002,0.002,4,4,8,online,1,0.05,0.05,no,200,1620797880000,
BALUSDT,BAL,USDT,0,900000000000000000000,0.002,0.002,3,4,7,online,1,0.05,0.05,no,200,1620797880000,
BNTUSDT,BNT,USDT,0,900000000000000000000,0.002,0.002,4,4,8,online,1,0.05,0.05,no,200,1620887520000,
CRVUSDT,CRV,USDT,0,900000000000000000000,0.002,0.002,4,4,8,online,1,0.05,0.05,no,200,1620887520000,
BATUSDT,BAT,USDT,0,900000000000000000000,0.002,0.002,4,4,8,online,1,0.05,0.05,no,200,1620973800000,
STORJUSDT,STORJ,USDT,0,900000000000000000000,0.002,0.002,4,4,8,online,1,0.05,0.05,no,200,1621060680000,
SNXUSDT,SNX,USDT,0,900000000000000000000,0.002,0.002,3,4,7,online,1,0.05,0.05,no,200,1621062900000,
DAIUSDC,DAI,USDC,0,900000000000000000000,0.001,0.001,4,0,4,online,1,0.05,0.05,no,200,1655202360000,
FILUSDC,FIL,USDC,0,900000000000000000000,0.001,0.001,3,4,7,online,1,0.05,0.05,no,200,1655199060000,
QTUMUSDT,QTUM,USDT,0,900000000000000000000,0.002,0.002,3,4,7,online,1,0.05,0.05,no,200,1621319400000,
LTCBTC,LTC,BTC,0,900000000000000000000,0.002,0.002,6,3,9,online,1,0.02,0.02,no,200,1709809200000,
XRPBTC,XRP,BTC,0,900000000000000000000,0.002,0.002,8,4,12,online,1,0.05,0.05,no,200,1621668540000,
OMGUSDT,OMG,USDT,0,900000000000000000000,0.002,0.002,4,4,8,online,1,0.05,0.05,no,200,1622106420000,
KNCUSDT,KNC,USDT,0,900000000000000000000,0.002,0.002,4,4,8,online,1,0.05,0.05,no,200,1622106360000,
BANDUSDT,BAND,USDT,0,900000000000000000000,0.002,0.002,3,4,7,online,1,0.05,0.05,no,200,1622106420000,
GRTUSDT,GRT,USDT,0,900000000000000000000,0.002,0.002,5,4,9,online,1,0.05,0.05,no,200,1622272980000,
VOLTUSDT,VOLT,USDT,0,900000000000000000000,0.001,0.001,10,0,10,halt,1,10,0.9,no,200,1655722800000,
JOEUSDT,JOE,USDT,0,900000000000000000000,0.001,0.001,4,2,6,online,1,0.05,0.05,no,200,1655716140000,
QUICKUSDT,QUICK,USDT,0,900000000000000000000,0.001,0.001,5,2,7,online,1,0.2,0.2,no,200,1690016400000,
NKNUSDT,NKN,USDT,0,900000000000000000000,0.002,0.002,4,4,8,online,1,0.05,0.05,no,200,1622272980000,
WBTCUSDT,WBTC,USDT,0,900000000000000000000,0.001,0.001,1,4,5,online,1,0.05,0.05,no,200,1651917780000,
RLCUSDT,RLC,USDT,0,900000000000000000000,0.002,0.002,3,4,7,online,1,0.05,0.05,no,200,1622446980000,
OGNUSDT,OGN,USDT,0,900000000000000000000,0.002,0.002,4,4,8,online,1,0.05,0.05,no,200,1622446980000,
CAKEUSDT,CAKE,USDT,0,900000000000000000000,0.002,0.002,3,4,7,online,1,0.05,0.05,no,200,1622533140000,
BNBUSDT,BNB,USDT,0,900000000000000000000,0.002,0.002,1,4,5,online,1,0.05,0.05,no,200,1622533140000,
CHRUSDT,CHR,USDT,0,900000000000000000000,0.002,0.002,4,4,8,online,1,0.05,0.05,no,200,1622532360000,
ANKRUSDT,ANKR,USDT,0,900000000000000000000,0.002,0.002,5,4,9,online,1,0.05,0.05,no,200,1622712420000,
RSRUSDT,RSR,USDT,0,900000000000000000000,0.002,0.002,6,4,10,online,1,0.05,0.05,no,200,1622712600000,
JSTUSDT,JST,USDT,0,900000000000000000000,0.002,0.002,5,4,9,online,1,0.05,0.05,no,200,1622862780000,
ICPUSDT,ICP,USDT,0,900000000000000000000,0.002,0.002,3,4,7,online,1,0.05,0.05,no,200,1622862780000,
ETCBTC,ETC,BTC,0,900000000000000000000,0.002,0.002,7,4,11,online,1,0.05,0.05,no,200,1623135360000,
LINKBTC,LINK,BTC,0,900000000000000000000,0.002,0.002,7,4,11,online,1,0.05,0.05,no,200,1623224640000,
TRXBTC,TRX,BTC,0,900000000000000000000,0.002,0.002,9,2,11,online,1,0.05,0.05,no,200,1623135360000,
AAVEBTC,AAVE,BTC,0,900000000000000000000,0.002,0.002,6,4,10,online,1,0.05,0.05,no,200,1623224640000,
DOGEBTC,DOGE,BTC,0,900000000000000000000,0.002,0.002,8,4,12,online,1,0.05,0.05,no,200,1623227760000,
MASKUSDT,MASK,USDT,0,900000000000000000000,0.002,0.002,3,4,7,online,1,0.05,0.05,no,200,1623135360000,
CARUSDT,CAR,USDT,0,900000000000000000000,0.001,0.001,3,2,5,gray,1,200,0.99,no,200,2056266000000,
TSTBSCUSDT,TSTBSC,USDT,0,900000000000000000000,0.001,0.001,5,2,7,online,1,0.05,0.05,no,200,1739095200000,
BROCCOLIUSDT,BROCCOLI,USDT,0,900000000000000000000,0.001,0.001,4,2,6,online,1,0.05,0.05,no,200,1739530800000,
PIUSDT,PI,USDT,0,900000000000000000000,0.001,0.001,4,2,6,online,1,0.03,0.03,yes,200,1740038400000,
SHELLUSDT,SHELL,USDT,0,900000000000000000000,0.001,0.001,4,2,6,online,1,0.1,0.1,no,200,1739457000000,
SOLUSDT,SOL,USDT,0,900000000000000000000,0.002,0.002,2,4,6,online,1,0.05,0.05,no,200,1624348920000,
IPUSDT,IP,USDT,0,900000000000000000000,0.001,0.001,5,2,7,online,1,0.03,0.03,no,200,1739437200000,
HEIUSDT,HEI,USDT,0,900000000000000000000,0.001,0.001,4,2,6,online,1,0.02,0.02,no,200,1739433600000,
CRVBTC,CRV,BTC,0,900000000000000000000,0.002,0.002,8,4,12,online,1,0.05,0.05,no,200,1624866300000,
LAYERUSDT,LAYER,USDT,0,900000000000000000000,0.001,0.001,4,2,6,online,1,0.03,0.03,no,200,1739282400000,
JAILSTOOLUSDT,JAILSTOOL,USDT,0,900000000000000000000,0.001,0.001,6,2,8,online,1,0.05,0.05,no,200,1739178000000,1752314400000
ZOOUSDT,ZOO,USDT,0,900000000000000000000,0.001,0.001,8,0,8,online,1,0.1,0.1,no,200,1740484800000,1752314400000
BGSOLUSDT,BGSOL,USDT,0,900000000000000000000,0.001,0.001,2,4,6,online,1,0.05,0.05,no,200,1740218400000,
KAITOUSDT,KAITO,USDT,0,900000000000000000000,0.001,0.001,4,2,6,online,1,0.02,0.02,no,200,1740056400000,
TAPSUSDT,TAPS,USDT,0,900000000000000000000,0.001,0.001,6,2,8,online,1,0.1,0.1,no,200,1739793600000,1752314400000
REDUSDT,RED,USDT,0,900000000000000000000,0.001,0.001,4,2,6,online,1,0.02,0.02,no,200,1741266000000,
ROAMUSDT,ROAM,USDT,0,900000000000000000000,0.001,0.001,4,2,6,online,1,0.03,0.03,no,200,1741255200000,
FILUSDT,FIL,USDT,0,900000000000000000000,0.002,0.002,3,4,7,online,1,0.05,0.05,no,200,1625538660000,
DEUSDUSDT,DEUSD,USDT,0,900000000000000000000,0.001,0.001,4,2,6,online,1,0.1,0.1,no,200,1741082400000,
CELOUSDT,CELO,USDT,0,900000000000000000000,0.002,0.002,4,4,8,online,1,0.05,0.05,no,200,1625538720000,
ABUSDT,AB,USDT,0,900000000000000000000,0.001,0.001,6,2,8,online,1,0.1,0.1,no,200,1740996000000,
BGBUSDT,BGB,USDT,0,900000000000000000000,0.001,0.001,3,4,7,online,1,0.05,0.05,no,200,1627295340000,
MEMHASHUSDT,MEMHASH,USDT,0,900000000000000000000,0.001,0.001,7,0,7,online,1,0.1,0.1,no,200,1740733200000,1752314400000
YGGUSDT,YGG,USDT,0,900000000000000000000,0.002,0.002,4,4,8,online,1,0.05,0.05,no,200,1632724440000,
LDOUSDT,LDO,USDT,0,900000000000000000000,0.002,0.002,3,4,7,online,1,0.05,0.05,no,200,1632724440000,
OIKUSDT,OIK,USDT,0,900000000000000000000,0.001,0.001,4,2,6,online,1,0.1,0.1,no,200,1749630739215,
LVVAUSDT,LVVA,USDT,0,900000000000000000000,0.001,0.001,6,2,8,online,1,0.05,0.05,no,200,1741690800000,
BMTUSDT,BMT,USDT,0,900000000000000000000,0.001,0.001,5,2,7,online,1,0.1,0.1,no,200,1741694400000,
MINTUSDT,MINT,USDT,0,900000000000000000000,0.001,0.001,4,2,6,online,1,0.1,0.1,no,200,1741334400000,
ELXUSDT,ELX,USDT,0,900000000000000000000,0.001,0.001,4,2,6,online,1,0.03,0.03,no,200,1741341600000,
FORMUSDT,FORM,USDT,0,900000000000000000000,0.001,0.001,4,2,6,online,1,0.02,0.02,no,200,1742562000000,
BRUSDT,BR,USDT,0,900000000000000000000,0.001,0.001,4,2,6,online,1,0.1,0.1,no,200,1742475600000,
TUTUSDT,TUT,USDT,0,900000000000000000000,0.001,0.001,6,0,6,online,1,0.05,0.05,no,200,1742306400000,
PAWSUSDT,PAWS,USDT,0,900000000000000000000,0.001,0.001,8,0,8,online,1,0.03,0.03,no,200,1744801200000,
MUBARAKUSDT,MUBARAK,USDT,0,900000000000000000000,0.001,0.001,5,2,7,online,1,0.05,0.05,no,200,1742202000000,
BANANAS31USDT,BANANAS31,USDT,0,900000000000000000000,0.001,0.001,6,2,8,online,1,0.1,0.1,no,200,1743069600000,
IMTUSDT,IMT,USDT,0,900000000000000000000,0.001,0.001,7,0,7,online,1,0.1,0.1,no,200,1743069600000,
PARTIUSDT,PARTI,USDT,0,900000000000000000000,0.001,0.001,4,2,6,online,1,0.02,0.02,no,200,1742907600000,
NILUSDT,NIL,USDT,0,900000000000000000000,0.001,0.001,4,2,6,online,1,0.1,0.1,no,200,1742821200000,
BUBBUSDT,BUBB,USDT,0,900000000000000000000,0.001,0.001,5,2,7,online,1,0.05,0.05,no,200,1742565600000,
SIRENUSDT,SIREN,USDT,0,900000000000000000000,0.001,0.001,5,2,7,online,1,0.05,0.05,no,200,1742565600000,
GUNUSDT,GUN,USDT,0,900000000000000000000,0.001,0.001,5,2,7,online,1,0.1,0.1,no,200,1743426000000,
GHIBLIUSDT,GHIBLI,USDT,0,900000000000000000000,0.001,0.001,5,2,7,online,1,0.05,0.05,no,200,1743084000000,
KILOUSDT,KILO,USDT,0,900000000000000000000,0.001,0.001,6,0,6,online,1,0.03,0.03,no,200,1743080400000,
WALUSDT,WAL,USDT,0,900000000000000000000,0.001,0.001,4,2,6,online,1,0.1,0.1,no,200,1743069600000,
PROMPTUSDT,PROMPT,USDT,0,900000000000000000000,0.001,0.001,5,1,6,online,1,0.03,0.03,no,200,1744290000000,
FHEUSDT,FHE,USDT,0,900000000000000000000,0.001,0.001,4,2,6,online,1,0.1,0.1,no,200,1744293600000,
BABYUSDT,BABY,USDT,0,900000000000000000000,0.001,0.001,6,1,7,online,1,0.02,0.02,no,200,1744279200000,
RFCUSDT,RFC,USDT,0,900000000000000000000,0.001,0.001,6,1,7,online,1,0.05,0.05,no,200,1744113600000,
STOUSDT,STO,USDT,0,900000000000000000000,0.001,0.001,5,2,7,online,1,0.02,0.02,no,200,1743676200000,
PUMPBTCUSDT,PUMPBTC,USDT,0,900000000000000000000,0.001,0.001,5,2,7,online,1,0.1,0.1,no,200,1749808800000,
BAIUSDT,BAI,USDT,0,900000000000000000000,0.001,0.001,6,2,8,online,1,0.1,0.1,no,200,1743501600000,
GMUSDT,GM,USDT,0,900000000000000000000,0.001,0.001,6,2,8,online,1,0.1,0.1,no,200,1744799400000,1752314400000
WCTUSDT,WCT,USDT,0,900000000000000000000,0.001,0.001,5,2,7,online,1,0.1,0.1,no,200,1744714800000,
KERNELUSDT,KERNEL,USDT,0,900000000000000000000,0.001,0.001,4,2,6,online,1,0.1,0.1,no,200,1744632000000,
MILKUSDT,MILK,USDT,0,900000000000000000000,0.001,0.001,5,2,7,online,1,0.03,0.03,no,200,1745920800000,
DEEPUSDT,DEEP,USDT,0,900000000000000000000,0.001,0.001,4,2,6,online,1,0.1,0.1,no,200,1745557200000,
DOLOUSDT,DOLO,USDT,0,900000000000000000000,0.001,0.001,5,2,7,online,1,0.1,0.1,no,200,1745499600000,
INITUSDT,INIT,USDT,0,900000000000000000000,0.001,0.001,5,2,7,online,1,0.02,0.02,no,200,1745492400000,
ZORAUSDT,ZORA,USDT,0,900000000000000000000,0.001,0.001,6,2,8,online,1,0.1,0.1,no,200,1745413200000,
HYPERUSDT,HYPER,USDT,0,900000000000000000000,0.001,0.001,4,2,6,online,1,0.02,0.02,no,200,1745320200000,
EPTUSDT,EPT,USDT,0,900000000000000000000,0.001,0.001,5,0,5,online,1,0.03,0.03,no,200,1745236800000,
BANKUSDT,BANK,USDT,0,900000000000000000000,0.001,0.001,5,2,7,online,1,0.1,0.1,no,200,1744981200000,
DARKUSDT,DARK,USDT,0,900000000000000000000,0.001,0.001,5,2,7,online,1,0.05,0.05,no,200,1744977600000,
HAEDALUSDT,HAEDAL,USDT,0,900000000000000000000,0.001,0.001,5,2,7,online,1,0.03,0.03,no,200,1745928000000,
SIGNUSDT,SIGN,USDT,0,900000000000000000000,0.001,0.001,5,2,7,online,1,0.02,0.02,no,200,1745838000000,
LAUNCHCOINUSDT,LAUNCHCOIN,USDT,0,900000000000000000000,0.001,0.001,5,2,7,online,1,0.05,0.05,no,200,1747148400000,
RDACUSDT,RDAC,USDT,0,900000000000000000000,0.001,0.001,6,2,8,online,1,0.1,0.1,no,200,1747130400000,
DOODUSDT,DOOD,USDT,0,900000000000000000000,0.001,0.001,5,2,7,online,1,0.1,0.1,no,200,1746795900000,
SHMUSDT,SHM,USDT,0,900000000000000000000,0.001,0.001,4,2,6,online,1,0.1,0.1,no,200,1746698400000,
SXTUSDT,SXT,USDT,0,900000000000000000000,0.001,0.001,4,2,6,online,1,0.02,0.02,no,200,1746709200000,
SYRUPUSDT,SYRUP,USDT,0,900000000000000000000,0.001,0.001,4,2,6,online,1,0.02,0.02,no,200,1746540000000,
MYXUSDT,MYX,USDT,0,900000000000000000000,0.001,0.001,4,2,6,online,1,0.1,0.1,no,200,1746532800000,
OBOLUSDT,OBOL,USDT,0,900000000000000000000,0.001,0.001,5,2,7,online,1,0.02,0.02,no,200,1746615600000,
GORKUSDT,GORK,USDT,0,900000000000000000000,0.001,0.001,6,2,8,online,1,0.05,0.05,no,200,1746273600000,
HOUSEUSDT,HOUSE,USDT,0,900000000000000000000,0.001,0.001,5,2,7,online,1,0.05,0.05,no,200,1746021600000,
MAIUSDT,MAI,USDT,0,900000000000000000000,0.001,0.001,6,2,8,online,1,200,0.99,no,200,1747044000000,
SUIUSD1,SUI,USD1,0,900000000000000000000,0.001,0.001,4,2,6,halt,1,0.1,0.1,no,200,1748426400000,
DOGEUSD1,DOGE,USD1,0,900000000000000000000,0.001,0.001,5,4,9,online,1,0.1,0.1,no,200,1748426400000,
HUMAUSDT,HUMA,USDT,0,900000000000000000000,0.001,0.001,5,2,7,online,1,0.02,0.02,no,200,1748264400000,
USD1USDT,USD1,USDT,0,900000000000000000000,0.001,0.001,4,2,6,online,1,0.1,0.1,no,200,1748253600000,
USD1USDC,USD1,USDC,0,900000000000000000000,0.001,0.001,4,2,6,online,1,0.1,0.1,no,200,1748253600000,
SOONUSDT,SOON,USDT,0,900000000000000000000,0.001,0.001,4,2,6,online,1,0.1,0.1,no,200,1747998824105,
BUSDT,B,USDT,0,900000000000000000000,0.001,0.001,5,2,7,online,1,0.05,0.05,no,200,1747915200000,
AWEUSDT,AWE,USDT,0,900000000000000000000,0.001,0.001,5,2,7,online,1,0.02,0.02,no,200,1747908000000,
NXPCUSDT,NXPC,USDT,0,900000000000000000000,0.001,0.001,5,2,7,online,1,0.1,0.1,no,200,1747288800000,
PRAIUSDT,PRAI,USDT,0,900000000000000000000,0.001,0.001,5,2,7,online,1,0.1,0.1,no,200,1747234800000,
SKYAIUSDT,SKYAI,USDT,0,900000000000000000000,0.001,0.001,5,2,7,online,1,0.1,0.1,no,200,1747216800000,
LABUBUUSDT,LABUBU,USDT,0,900000000000000000000,0.001,0.001,5,2,7,online,1,0.05,0.05,no,200,1748613600000,
RLUSDUSDT,RLUSD,USDT,0,900000000000000000000,0.001,0.001,4,2,6,online,1,0.1,0.1,no,200,1748512800000,
RLUSDUSDC,RLUSD,USDC,0,900000000000000000000,0.001,0.001,4,2,6,online,1,0.1,0.1,no,200,1751364000000,
BUSD1,B,USD1,0,900000000000000000000,0.001,0.001,5,2,7,online,1,0.1,0.1,no,200,1748516400000,
MEWUSDT,MEW,USDT,0,900000000000000000000,0.001,0.001,6,2,8,online,1,10,0.9,no,200,1712142000000,
WUSDT,W,USDT,0,900000000000000000000,0.001,0.001,4,2,6,online,1,10,0.9,no,200,1712145601000,
SOPHUSDC,SOPH,USDC,0,900000000000000000000,0.001,0.001,5,2,7,online,1,0.02,0.02,no,200,1748437200000,
IAGUSDT,IAG,USDT,0,900000000000000000000,0.001,0.001,4,2,6,online,1,10,0.9,no,200,1712142000000,
SOPHUSDT,SOPH,USDT,0,900000000000000000000,0.001,0.001,5,2,7,online,1,0.02,0.02,yes,200,1748437200000,
AUSDT,A,USDT,0,900000000000000000000,0.001,0.001,5,2,7,online,1,0.02,0.02,no,200,1748419200000,
BTCUSD1,BTC,USD1,0,900000000000000000000,0.001,0.001,2,6,8,online,1,0.1,0.1,no,200,1748426400000,
ETHUSD1,ETH,USD1,0,900000000000000000000,0.001,0.001,2,4,6,halt,1,0.1,0.1,no,200,1748426400000,
ENAUSDT,ENA,USDT,0,900000000000000000000,0.001,0.001,4,2,6,online,1,10,0.9,no,200,1712044801000,
SOLUSD1,SOL,USD1,0,900000000000000000000,0.001,0.001,2,4,6,online,1,0.1,0.1,no,200,1748426400000,
XRPUSD1,XRP,USD1,0,900000000000000000000,0.001,0.001,4,4,8,online,1,0.1,0.1,no,200,1748426400000,
MASAUSDT,MASA,USDT,0,900000000000000000000,0.001,0.001,5,2,7,online,1,100,0.99,no,200,1712822400000,
SAGAUSDT,SAGA,USDT,0,900000000000000000000,0.001,0.001,4,2,6,online,1,10,0.9,no,200,1712649601000,
CUDISUSDT,CUDIS,USDT,0,900000000000000000000,0.001,0.001,5,2,7,online,1,0.02,0.02,no,200,1749124800000,
TNSRUSDT,TNSR,USDT,0,900000000000000000000,0.001,0.001,4,2,6,online,1,10,0.9,no,200,1712589300000,
WNZUSDT,WNZ,USDT,0,900000000000000000000,0.001,0.001,6,2,8,online,1,0.1,0.1,no,200,1749114001000,
LAUSDT,LA,USDT,0,900000000000000000000,0.001,0.001,5,2,7,online,1,0.02,0.02,no,200,1749038400000,
RWAUSDT,RWA,USDT,0,900000000000000000000,0.001,0.001,7,2,9,online,1,0.1,0.1,no,200,1748959200000,
BDXNUSDT,BDXN,USDT,0,900000000000000000000,0.001,0.001,5,2,7,online,1,0.02,0.02,no,200,1748945100000,
MOEWUSDT,MOEW,USDT,0,900000000000000000000,0.001,0.001,6,2,8,online,1,10,0.9,no,200,1712232000000,
FLOCKUSDT,FLOCK,USDT,0,900000000000000000000,0.001,0.001,4,2,6,online,1,0.03,0.03,no,200,1748791800000,
OMNI1USDT,OMNI1,USDT,0,900000000000000000000,0.001,0.001,3,2,5,online,1,0.1,0.1,no,200,1713355200000,
PRCLUSDT,PRCL,USDT,0,900000000000000000000,0.001,0.001,4,2,6,online,1,0.1,0.1,no,200,1713272400000,
MASUSDT,MAS,USDT,0,900000000000000000000,0.001,0.001,5,2,7,online,1,10,0.9,no,200,1713178801000,
0X0USDT,0X0,USDT,0,900000000000000000000,0.001,0.001,4,2,6,online,1,10,0.9,no,200,1689073200000,
SAFEUSDT,SAFE,USDT,0,900000000000000000000,0.001,0.001,4,2,6,online,1,0.1,0.1,no,200,1713862801000,
APUUSDT,APU,USDT,0,900000000000000000000,0.001,0.001,6,2,8,online,1,0.1,0.1,no,200,1713783600000,
ALPHUSDT,ALPH,USDT,0,900000000000000000000,0.001,0.001,4,2,6,online,1,0.1,0.1,no,200,1713600000000,
MERLUSDT,MERL,USDT,0,900000000000000000000,0.001,0.001,5,2,7,online,1,0.1,0.1,no,200,1713520800000,
CKBUSDT,CKB,USDT,0,900000000000000000000,0.001,0.001,6,2,8,online,1,0.1,0.1,no,200,1713510000000,
AQTUSDT,AQT,USDT,0,900000000000000000000,0.001,0.001,3,2,5,online,1,0.1,0.1,no,200,1713524401000,
ARKMUSDT,ARKM,USDT,0,900000000000000000000,0.001,0.001,3,2,5,online,1,10,0.9,no,200,1689678000000,
BITCOINUSDT,BITCOIN,USDT,0,900000000000000000000,0.001,0.001,5,2,7,online,1,0.05,0.05,no,200,1689843600000,
UNIBOTUSDT,UNIBOT,USDT,0,900000000000000000000,0.001,0.001,3,2,5,online,1,0.2,0.2,no,200,1689854400000,1752314400000
MOGUSDT,MOG,USDT,0,900000000000000000000,0.001,0.001,10,0,10,online,1,0.2,0.2,no,200,1689937200000,
KUBUSDT,KUB,USDT,0,900000000000000000000,0.001,0.001,4,2,6,online,1,0.1,0.1,no,200,1714129201000,
ZBCNUSDT,ZBCN,USDT,0,900000000000000000000,0.001,0.001,6,2,8,online,1,0.1,0.1,no,200,1714114800000,
WLDUSDT,WLD,USDT,0,900000000000000000000,0.001,0.001,3,2,5,online,1,10,0.9,no,200,1690185600000,
MXUSDT,MX,USDT,0,900000000000000000000,0.001,0.001,4,2,6,online,1,10,0.9,no,200,1690797600000,
LNDXUSDT,LNDX,USDT,0,900000000000000000000,0.001,0.001,4,2,6,online,1,0.1,0.1,no,200,1714993201000,1752314400000
ZEROLENDUSDT,ZEROLEND,USDT,0,900000000000000000000,0.001,0.001,7,2,9,online,1,0.1,0.1,no,200,1714982400000,
KMNOUSDT,KMNO,USDT,0,900000000000000000000,0.001,0.001,5,2,7,online,1,0.1,0.1,no,200,1714478400000,
REZUSDT,REZ,USDT,0,900000000000000000000,0.001,0.001,5,2,7,online,1,0.1,0.1,no,200,1714478400000,
AZITUSDT,AZIT,USDT,0,900000000000000000000,0.001,0.001,5,2,7,online,1,10,0.9,no,200,1690866000000,
SBTCSUSDT,SBTC,SUSDT,0,900000000000000000000,0.001,0.001,4,4,8,halt,1,0.05,0.05,no,200,1719298800000,
SETHSBTC,SETH,SBTC,0,900000000000000000000,0.001,0.001,6,4,10,halt,1,0.05,0.05,no,200,1691215845242,
SDEXUSDT,SDEX,USDT,0,900000000000000000000,0.001,0.001,5,2,7,online,1,10,0.9,no,200,1691402400000,
BBUSDT,BB,USDT,0,900000000000000000000,0.001,0.001,4,2,6,online,1,0.1,0.1,no,200,1715594400000,
ZENTUSDT,ZENT,USDT,0,900000000000000000000,0.001,0.001,5,2,7,online,1,0.1,0.1,no,200,1715594400000,
ALUSDT,AL,USDT,0,900000000000000000000,0.001,0.001,4,4,8,online,1,0.1,0.1,no,200,1715594400000,
TONUSDC,TON,USDC,0,900000000000000000000,0.001,0.001,3,2,5,online,1,0.02,0.02,no,200,1715338801000,
OPUSDC,OP,USDC,0,900000000000000000000,0.001,0.001,3,2,5,online,1,0.02,0.02,no,200,1715338800000,
ENAUSDC,ENA,USDC,0,900000000000000000000,0.001,0.001,4,2,6,online,1,0.02,0.02,no,200,1739008800000,
ARBUSDC,ARB,USDC,0,900000000000000000000,0.001,0.001,4,1,5,online,1,0.02,0.02,no,200,1715338800000,
BADUSDT,BAD,USDT,0,900000000000000000000,0.001,0.001,11,2,13,online,1,10,0.9,no,200,1692097200000,1752314400000
SEIUSDT,SEI,USDT,0,900000000000000000000,0.001,0.001,4,2,6,online,1,0.2,0.2,no,200,1692100800000,
NOTUSDT,NOT,USDT,0,900000000000000000000,0.001,0.001,6,2,8,online,1,0.1,0.1,no,200,1715860800000,
DRIFTUSDT,DRIFT,USDT,0,900000000000000000000,0.001,0.001,4,3,7,online,1,0.1,0.1,no,200,1715853600000,
VIRTUALUSDT,VIRTUAL,USDT,0,900000000000000000000,0.001,0.001,4,2,6,online,1,0.1,0.1,no,200,1715781601000,
GAME2USDT,GAME2,USDT,0,900000000000000000000,0.001,0.001,6,2,8,online,1,0.1,0.1,no,200,1715767201000,
CYBERUSDT,CYBER,USDT,0,900000000000000000000,0.001,0.001,3,2,5,online,1,10,0.9,no,200,1692100800000,
FTNUSDT,FTN,USDT,0,900000000000000000000,0.001,0.001,3,2,5,online,1,10,0.9,no,200,1692270000000,
TETUSDT,TET,USDT,0,900000000000000000000,0.001,0.001,3,1,4,online,1,10,0.9,no,200,1692615600000,
WSDMUSDT,WSDM,USDT,0,900000000000000000000,0.001,0.001,5,2,7,online,1,0.1,0.1,no,200,1715684400000,
XLMUSDT,XLM,USDT,0,900000000000000000000,0.001,0.001,4,2,6,online,1,0.02,0.02,no,200,1692874800000,
AITECHUSDT,AITECH,USDT,0,900000000000000000000,0.001,0.001,5,2,7,online,1,10,0.9,no,200,1693220400000,
GOMININGUSDT,GOMINING,USDT,0,900000000000000000000,0.001,0.001,4,2,6,online,1,10,0.9,no,200,1693393200000,
VETUSDT,VET,USDT,0,900000000000000000000,0.001,0.001,5,2,7,online,1,0.1,0.1,no,200,1716289200000,
MAXEXCHANGEUSDT,MAXEXCHANGE,USDT,0,900000000000000000000,0.001,0.001,4,2,6,online,1,10,0.9,no,200,1694775600000,
BANANAUSDT,BANANA,USDT,0,900000000000000000000,0.001,0.001,2,2,4,online,1,0.2,0.2,no,200,1695124800000,
MCADEUSDT,MCADE,USDT,0,900000000000000000000,0.001,0.001,5,2,7,online,1,10,0.9,no,200,1695207600000,
PYUSDUSDT,PYUSD,USDT,0,900000000000000000000,0.001,0.001,4,2,6,online,1,0.2,0.2,no,200,1695726000000,
CBKUSDT,CBK,USDT,0,900000000000000000000,0.001,0.001,4,2,6,online,1,10,0.9,no,200,1697022000000,
CRETAUSDT,CRETA,USDT,0,900000000000000000000,0.001,0.001,5,2,7,online,1,10,0.9,no,200,1695812401000,
BIGTIMEUSDT,BIGTIME,USDT,0,900000000000000000000,0.001,0.001,5,2,7,online,1,0.2,0.2,no,200,1697004000000,
STRAXUSDT,STRAX,USDT,0,900000000000000000000,0.001,0.001,5,2,7,online,1,0.2,0.2,no,200,1714114800000,
ORBSUSDT,ORBS,USDT,0,900000000000000000000,0.001,0.001,5,2,7,online,1,0.2,0.2,no,200,1697205601000,
BNBUSDC,BNB,USDC,0,900000000000000000000,0.001,0.001,1,3,4,online,1,0.05,0.05,no,200,1656575400000,
TRXUSDC,TRX,USDC,0,900000000000000000000,0.001,0.001,4,1,5,online,1,0.05,0.05,no,200,1656575400000,
XRPEUR,XRP,EUR,0,900000000000000000000,0.001,0.001,4,4,8,online,1,0.05,0.05,no,200,1697709601000,
SFPUSDT,SFP,USDT,0,900000000000000000000,0.001,0.001,4,0,4,online,1,0.05,0.05,no,200,1656673620000,
NEARUSDC,NEAR,USDC,0,900000000000000000000,0.001,0.001,3,1,4,online,1,0.05,0.05,no,200,1656666240000,
SOLEUR,SOL,EUR,0,900000000000000000000,0.001,0.001,2,4,6,online,1,0.05,0.05,no,200,1697709601000,
BSVUSDT,BSV,USDT,0,900000000000000000000,0.001,0.001,2,2,4,online,1,0.02,0.02,no,200,1697799600000,
AVAXUSDC,AVAX,USDC,0,900000000000000000000,0.001,0.001,2,2,4,online,1,0.05,0.05,no,200,1657014780000,
PPTUSDT,PPT,USDT,0,900000000000000000000,0.001,0.001,4,2,6,online,1,10,0.9,no,200,1698141600000,
UNIUSDC,UNI,USDC,0,900000000000000000000,0.001,0.001,3,2,5,online,1,0.02,0.02,no,200,1738836000000,
GASUSDT,GAS,USDT,0,900000000000000000000,0.001,0.001,3,2,5,online,1,0.2,0.2,no,200,1698210000000,
LATUSDT,LAT,USDT,0,900000000000000000000,0.001,0.001,6,0,6,online,1,10,0.9,no,200,1657191600000,
AAVEUSDC,AAVE,USDC,0,900000000000000000000,0.001,0.001,2,3,5,online,1,0.02,0.02,no,200,1738922400000,
SYSUSDT,SYS,USDT,0,900000000000000000000,0.001,0.001,4,0,4,online,1,10,0.9,no,200,1658314800000,
XETAUSDT,XETA,USDT,0,900000000000000000000,0.001,0.001,6,0,6,online,1,0.05,0.05,no,200,1658307600000,1752314400000
DAOUSDT,DAO,USDT,0,900000000000000000000,0.001,0.001,4,1,5,online,1,1,0.9,no,200,1658487600000,
XCADUSDT,XCAD,USDT,0,900000000000000000000,0.001,0.001,4,1,5,halt,1,10,0.9,no,200,1658844000000,
CSPRUSDT,CSPR,USDT,0,900000000000000000000,0.001,0.001,5,0,5,online,1,0.05,0.05,no,200,1727251204511,
ZIGUSDT,ZIG,USDT,0,900000000000000000000,0.001,0.001,5,1,6,online,1,10,0.9,no,200,1660140000000,
PSGUSDT,PSG,USDT,0,900000000000000000000,0.001,0.001,3,3,6,online,1,0.05,0.05,no,200,1661162820000,
ACMUSDT,ACM,USDT,0,900000000000000000000,0.001,0.001,3,3,6,online,1,0.05,0.05,no,200,1661163000000,
BARUSDT,BAR,USDT,0,900000000000000000000,0.001,0.001,3,3,6,online,1,0.05,0.05,no,200,1661163060000,
PORTOUSDT,PORTO,USDT,0,900000000000000000000,0.001,0.001,4,3,7,online,1,0.05,0.05,no,200,1661252820000,
LAZIOUSDT,LAZIO,USDT,0,900000000000000000000,0.001,0.001,3,3,6,online,1,0.05,0.05,no,200,1661252820000,
SANTOSUSDT,SANTOS,USDT,0,900000000000000000000,0.001,0.001,3,3,6,online,1,0.05,0.05,no,200,1661252820000,
ASRUSDT,ASR,USDT,0,900000000000000000000,0.001,0.001,3,2,5,online,1,0.05,0.05,no,200,1661333040000,
ATMUSDT,ATM,USDT,0,900000000000000000000,0.001,0.001,3,2,5,online,1,0.05,0.05,no,200,1661333040000,
INTERUSDT,INTER,USDT,0,900000000000000000000,0.001,0.001,4,2,6,online,1,0.05,0.05,no,200,1662025500000,
AFCUSDT,AFC,USDT,0,900000000000000000000,0.001,0.001,4,2,6,online,1,0.05,0.05,no,200,1662025500000,
SWEATUSDT,SWEAT,USDT,0,900000000000000000000,0.001,0.001,6,0,6,online,1,0.05,0.05,no,200,1663055820000,
ETHWUSDT,ETHW,USDT,0,900000000000000000000,0.001,0.001,3,3,6,online,1,0.05,0.05,no,200,1663250400000,
FETUSDT,FET,USDT,0,900000000000000000000,0.001,0.001,3,0,3,online,1,0.05,0.05,no,200,1663328040000,
AERGOUSDT,AERGO,USDT,0,900000000000000000000,0.001,0.001,4,0,4,online,1,0.05,0.05,no,200,1663577700000,
AUCTIONUSDT,AUCTION,USDT,0,900000000000000000000,0.001,0.001,2,4,6,online,1,0.05,0.05,no,200,1663585620000,
ACHUSDT,ACH,USDT,0,900000000000000000000,0.001,0.001,5,0,5,online,1,0.05,0.05,no,200,1663576680000,
ALPINEUSDT,ALPINE,USDT,0,900000000000000000000,0.001,0.001,3,4,7,online,1,0.05,0.05,no,200,1663585620000,
BADGERUSDT,BADGER,USDT,0,900000000000000000000,0.001,0.001,3,2,5,online,1,0.05,0.05,no,200,1663662900000,
BICOUSDT,BICO,USDT,0,900000000000000000000,0.001,0.001,4,2,6,online,1,0.05,0.05,no,200,1663662900000,
BAKEUSDT,BAKE,USDT,0,900000000000000000000,0.001,0.001,4,1,5,online,1,0.05,0.05,no,200,1663668600000,
BELUSDT,BEL,USDT,0,900000000000000000000,0.001,0.001,4,2,6,online,1,0.05,0.05,no,200,1663668240000,
CTSIUSDT,CTSI,USDT,0,900000000000000000000,0.001,0.001,4,1,5,online,1,0.05,0.05,no,200,1663753440000,
CVCUSDT,CVC,USDT,0,900000000000000000000,0.001,0.001,4,2,6,online,1,10,0.9,no,200,1711540800000,
KDAUSDT,KDA,USDT,0,900000000000000000000,0.001,0.001,4,2,6,online,1,0.05,0.05,no,200,1663925460000,
ELFUSDT,ELF,USDT,0,900000000000000000000,0.001,0.001,4,1,5,online,1,0.05,0.05,no,200,1663924440000,
FLOWUSDT,FLOW,USDT,0,900000000000000000000,0.001,0.001,4,2,6,online,1,0.02,0.02,no,200,1698836400000,
GHSTUSDT,GHST,USDT,0,900000000000000000000,0.001,0.001,4,1,5,online,1,0.05,0.05,no,200,1664270880000,
GNOUSDT,GNO,USDT,0,900000000000000000000,0.001,0.001,1,3,4,online,1,0.05,0.05,no,200,1664271180000,
GTCUSDT,GTC,USDT,0,900000000000000000000,0.001,0.001,3,1,4,online,1,0.05,0.05,no,200,1664273160000,
GLMRUSDT,GLMR,USDT,0,900000000000000000000,0.001,0.001,4,1,5,online,1,0.05,0.05,no,200,1664274540000,
BTCRLUSD,BTC,RLUSD,0,900000000000000000000,0.001,0.001,2,6,8,online,1,0.1,0.1,no,200,1751364000000,
XRPRLUSD,XRP,RLUSD,0,900000000000000000000,0.001,0.001,4,4,8,online,1,0.1,0.1,no,200,1751364000000,
IDOLUSDT,IDOL,USDT,0,900000000000000000000,0.001,0.001,5,2,7,online,1,0.1,0.1,no,200,1749643200000,
RESOLVUSDT,RESOLV,USDT,0,900000000000000000000,0.001,0.001,4,2,6,online,1,0.1,0.1,no,200,1749560400000,
HOMEUSDT,HOME,USDT,0,900000000000000000000,0.001,0.001,6,1,7,online,1,0.02,0.02,no,200,1749553200000,
B2USDT,B2,USDT,0,900000000000000000000,0.001,0.001,5,2,7,online,1,0.1,0.1,no,200,1749542400000,
SKATEUSDT,SKATE,USDT,0,900000000000000000000,0.001,0.001,5,2,7,online,1,0.02,0.02,no,200,1749463200000,
FLYUSDT,FLY,USDT,0,900000000000000000000,0.001,0.001,5,2,7,online,1,0.1,0.1,no,200,1749214801000,
RVNUSDT,RVN,USDT,0,900000000000000000000,0.001,0.001,5,2,7,online,1,0.02,0.02,no,200,1749204000000,
ETHRLUSD,ETH,RLUSD,0,900000000000000000000,0.001,0.001,2,4,6,online,1,0.1,0.1,no,200,1751364000000,
BOMBUSDT,BOMB,USDT,0,900000000000000000000,0.001,0.001,7,2,9,online,1,0.03,0.03,no,200,1750161600000,
SPKUSDT,SPK,USDT,0,900000000000000000000,0.001,0.001,6,1,7,online,1,0.02,0.02,no,200,1750150800000,
TAGUSDT,TAG,USDT,0,900000000000000000000,0.001,0.001,8,1,9,online,1,0.1,0.1,no,200,1749722400000,
HUSDT,H,USDT,0,900000000000000000000,0.001,0.001,7,1,8,online,1,0.02,0.02,no,200,1750842000000,
NEWTUSDT,NEWT,USDT,0,900000000000000000000,0.001,0.001,4,1,5,online,1,0.02,0.02,no,200,1750773600000,
DMCUSDT,DMC,USDT,0,900000000000000000000,0.001,0.001,6,1,7,online,1,0.03,0.03,no,200,1750762800000,
MGOUSDT,MGO,USDT,0,900000000000000000000,0.001,0.001,7,2,9,online,1,0.1,0.1,no,200,1750755600000,
BRICUSDT,BRIC,USDT,0,900000000000000000000,0.001,0.001,5,2,7,online,1,0.1,0.1,no,200,1750500000000,
LOTUSDT,LOT,USDT,0,900000000000000000000,0.001,0.001,6,2,8,gray,1,200,0.99,no,200,2287396800000,
MATUSDT,MAT,USDT,0,900000000000000000000,0.001,0.001,5,2,7,online,1,0.1,0.1,no,200,1750334400000,
BLUMUSDT,BLUM,USDT,0,900000000000000000000,0.001,0.001,5,2,7,online,1,0.1,0.1,no,200,1751018400000,
CESSUSDT,CESS,USDT,0,900000000000000000000,0.001,0.001,5,2,7,online,1,0.1,0.1,no,200,1750932000000,
SAHARAUSDT,SAHARA,USDT,0,900000000000000000000,0.001,0.001,5,2,7,online,1,0.02,0.02,no,200,1750939200000,
TESTZEUSUSDT,TESTZEUS,USDT,0,900000000000000000000,0.001,0.001,2,2,6,gray,1,200,0.99,no,200,2508228302000,
AFTUSDT,AFT,USDT,0,900000000000000000000,0.001,0.001,6,1,7,online,1,0.1,0.1,no,200,1751626800000,
MUSDT,M,USDT,0,900000000000000000000,0.001,0.001,6,2,8,online,1,0.1,0.1,no,200,1751529600000,
ICNTUSDT,ICNT,USDT,0,900000000000000000000,0.001,0.001,4,2,6,online,1,0.02,0.02,no,200,1751536800000,
NODEUSDT,NODE,USDT,0,900000000000000000000,0.001,0.001,5,2,7,online,1,0.1,0.1,no,200,1751277600000,
FRAGUSDT,FRAG,USDT,0,900000000000000000000,0.001,0.001,5,1,6,online,1,0.03,0.03,no,200,1751358600000,
MOREUSDT,MORE,USDT,0,900000000000000000000,0.001,0.001,5,2,7,online,1,0.1,0.1,no,200,1751025600000,
AINBSCUSDT,AINBSC,USDT,0,900000000000000000000,0.001,0.001,6,2,8,online,1,200,0.99,no,200,1751709600000,
CROSSUSDT,CROSS,USDT,0,900000000000000000000,0.001,0.001,6,2,8,online,1,0.1,0.1,no,200,1751616900000,
ARUSDC,AR,USDC,0,900000000000000000000,0.001,0.001,2,2,4,online,1,0.02,0.02,no,200,1716544801000,
FLOKIUSDC,FLOKI,USDC,0,900000000000000000000,0.001,0.001,8,0,8,online,1,0.02,0.02,no,200,1716544801000,
DOGUSDT,DOG,USDT,0,900000000000000000000,0.001,0.001,6,1,7,online,1,0.1,0.1,no,200,1716462001000,
MINAUSDC,MINA,USDC,0,900000000000000000000,0.001,0.001,4,2,6,online,1,0.02,0.02,no,200,1716544801000,
SHIBUSDC,SHIB,USDC,0,900000000000000000000,0.001,0.001,8,0,8,online,1,0.02,0.02,no,200,1737972000000,
APTUSDC,APT,USDC,0,900000000000000000000,0.001,0.001,3,2,5,online,1,0.02,0.02,no,200,1716544801000,
WUSDUSDT,WUSD,USDT,0,900000000000000000000,0.001,0.001,4,2,6,online,1,0.1,0.1,no,200,1717066801000,
TAIKOUSDT,TAIKO,USDT,0,900000000000000000000,0.001,0.001,4,2,6,online,1,0.1,0.1,no,200,1717592401000,
POLYXUSDT,POLYX,USDT,0,900000000000000000000,0.001,0.001,4,3,7,online,1,0.02,0.02,no,200,1698228000000,
LTCEUR,LTC,EUR,0,900000000000000000000,0.001,0.001,2,3,5,online,1,0.05,0.05,no,200,1698314400000,
PEPEEUR,PEPE,EUR,0,900000000000000000000,0.001,0.001,8,5,13,online,1,0.05,0.05,no,200,1698314400000,
STXUSDC,STX,USDC,0,900000000000000000000,0.001,0.001,3,1,4,online,1,0.02,0.02,no,200,1717495201000,
BEAMUSDT,BEAM,USDT,0,900000000000000000000,0.001,0.001,5,2,7,online,1,0.1,0.1,no,200,1698323401000,
IOUSDT,IO,USDT,0,900000000000000000000,0.001,0.001,3,2,5,online,1,0.02,0.02,no,200,1718107200000,
ULTIUSDT,ULTI,USDT,0,900000000000000000000,0.001,0.001,6,2,8,online,1,0.02,0.02,no,200,1717668000000,
POLUSDT,POL,USDT,0,900000000000000000000,0.001,0.001,4,2,6,online,1,0.05,0.05,no,200,1698404401000,
TIAUSDT,TIA,USDT,0,900000000000000000000,0.001,0.001,3,1,4,online,1,0.02,0.02,no,200,1698768300000,
MEMEUSDT,MEME,USDT,0,900000000000000000000,0.001,0.001,6,2,8,online,1,0.02,0.02,no,200,1698999000000,
MBLUSDT,MBL,USDT,0,900000000000000000000,0.001,0.001,6,1,7,online,1,0.02,0.02,no,200,1699009200000,
ZKUSDT,ZK,USDT,0,900000000000000000000,0.001,0.001,4,2,6,online,1,0.02,0.02,no,200,1718614800000,
ARTFIUSDT,ARTFI,USDT,0,900000000000000000000,0.001,0.001,6,2,8,gray,1,0.1,0.1,no,200,1906542000000,
COOKIEUSDT,COOKIE,USDT,0,900000000000000000000,0.001,0.001,5,2,7,online,1,0.1,0.1,no,200,1718272800000,
PIRATEUSDT,PIRATE,USDT,0,900000000000000000000,0.001,0.001,4,4,8,online,1,0.1,0.1,no,200,1718251200000,
T2T2USDT,T2T2,USDT,0,900000000000000000000,0.001,0.001,7,1,8,online,1,100,0.99,no,200,1699358400000,
ATHUSDT,ATH,USDT,0,900000000000000000000,0.001,0.001,5,2,7,online,1,0.02,0.02,no,200,1718186400000,
SATSUSDT,SATS,USDT,0,900000000000000000000,0.001,0.001,10,1,11,online,1,0.1,0.1,no,200,1699504200000,
HIFIUSDT,HIFI,USDT,0,900000000000000000000,0.001,0.001,4,1,5,online,1,0.02,0.02,no,200,1699610400000,
GROKUSDT,GROK,USDT,0,900000000000000000000,0.001,0.001,6,2,8,online,1,0.05,0.05,no,200,1699610400000,
BLASTUSDT,BLAST,USDT,0,900000000000000000000,0.001,0.001,5,2,7,online,1,0.02,0.02,no,200,1719414000000,
ZROUSDT,ZRO,USDT,0,900000000000000000000,0.001,0.001,3,2,5,online,1,0.02,0.02,no,200,1718884800000,
LISTAUSDT,LISTA,USDT,0,900000000000000000000,0.001,0.001,4,2,6,online,1,0.02,0.02,no,200,1718877600000,
LNQUSDT,LNQ,USDT,0,900000000000000000000,0.001,0.001,5,2,7,online,1,0.1,0.1,no,200,1718881200000,
NAKAUSDT,NAKA,USDT,0,900000000000000000000,0.001,0.001,4,2,6,online,1,10,0.9,no,200,1699873200000,
NPCUSDT,NPC,USDT,0,900000000000000000000,0.001,0.001,5,2,7,online,1,0.1,0.1,no,200,1718805600000,
NTRNUSDT,NTRN,USDT,0,900000000000000000000,0.001,0.001,4,1,5,online,1,0.02,0.02,no,200,1700031600000,
RATSUSDT,RATS,USDT,0,900000000000000000000,0.001,0.001,7,1,8,online,1,0.1,0.1,no,200,1700146800000,
DOGEEUR,DOGE,EUR,0,900000000000000000000,0.001,0.001,5,1,6,online,1,0.02,0.02,no,200,1700215200000,
AVAXEUR,AVAX,EUR,0,900000000000000000000,0.001,0.001,2,2,4,online,1,0.02,0.02,no,200,1700215200000,
WELLUSDT,WELL,USDT,0,900000000000000000000,0.001,0.001,7,2,9,online,1,0.1,0.1,no,200,1720000800000,
QUBICUSDT,QUBIC,USDT,0,900000000000000000000,0.001,0.001,9,2,11,online,1,0.1,0.1,no,200,1719828000000,
LINKEUR,LINK,EUR,0,900000000000000000000,0.001,0.001,2,2,4,online,1,0.02,0.02,no,200,1700215200000,
SWGTUSDT,SWGT,USDT,0,900000000000000000000,0.001,0.001,4,2,6,online,1,0.1,0.1,no,200,1719486000000,
ADAEUR,ADA,EUR,0,900000000000000000000,0.001,0.001,4,1,5,online,1,0.02,0.02,no,200,1700215200000,
PYTHUSDT,PYTH,USDT,0,900000000000000000000,0.001,0.001,4,2,6,online,1,0.05,0.05,no,200,1700489400000,
ROOTUSDT,ROOT,USDT,0,900000000000000000000,0.001,0.001,5,2,7,online,1,10,0.9,no,200,1700560800000,1752314400000
VRTXUSDT,VRTX,USDT,0,900000000000000000000,0.001,0.001,4,2,6,online,1,10,0.9,no,200,1700572800000,
SKLUSDT,SKL,USDT,0,900000000000000000000,0.001,0.001,5,1,6,online,1,0.02,0.02,no,200,1700640000000,
XTZUSDT,XTZ,USDT,0,900000000000000000000,0.001,0.001,4,1,5,online,1,0.02,0.02,no,200,1700823600000,
NEXAUSDT,NEXA,USDT,0,900000000000000000000,0.001,0.001,9,1,10,online,1,0.1,0.1,no,200,1721214000000,
UXLINKUSDT,UXLINK,USDT,0,900000000000000000000,0.001,0.001,4,2,6,online,1,0.02,0.02,no,200,1721289600000,
PIXFIUSDT,PIXFI,USDT,0,900000000000000000000,0.001,0.001,6,2,8,online,1,0.02,0.02,no,200,1721304000000,1752314400000
MOCAUSDT,MOCA,USDT,0,900000000000000000000,0.001,0.001,5,2,7,online,1,0.02,0.02,no,200,1720692000000,
ANYONEUSDT,ANYONE,USDT,0,900000000000000000000,0.001,0.001,3,2,5,online,1,0.1,0.1,no,200,1720614600000,1752314400000
VICUSDT,VIC,USDT,0,900000000000000000000,0.001,0.001,4,2,6,online,1,0.02,0.02,no,200,1701068400000,
MYROUSDT,MYRO,USDT,0,900000000000000000000,0.001,0.001,5,2,7,online,1,10,0.9,no,200,1701082800000,
WOLFUSDT,WOLF,USDT,0,900000000000000000000,0.001,0.001,7,1,8,online,1,0.1,0.1,no,200,1720008000000,
HOLDUSDT,HOLD,USDT,0,900000000000000000000,0.001,0.001,3,2,5,online,1,10,0.9,no,200,1701086401000,1752314400000
FIDAUSDT,FIDA,USDT,0,900000000000000000000,0.001,0.001,4,1,5,online,1,0.02,0.02,no,200,1701165600000,
MYRIAUSDT,MYRIA,USDT,0,900000000000000000000,0.001,0.001,6,2,8,online,1,0.05,0.05,no,200,1701252000000,
ACXUSDT,ACX,USDT,0,900000000000000000000,0.001,0.001,4,2,6,online,1,0.1,0.1,no,200,1721818800000,
AVAILUSDT,AVAIL,USDT,0,900000000000000000000,0.001,0.001,5,2,7,online,1,0.02,0.02,no,200,1721736000000,
ZKLUSDT,ZKL,USDT,0,900000000000000000000,0.001,0.001,4,2,6,online,1,0.02,0.02,no,200,1721649600000,
VOXELUSDT,VOXEL,USDT,0,900000000000000000000,0.001,0.001,4,1,5,online,1,0.02,0.02,no,200,1701252000000,
GUSDT,G,USDT,0,900000000000000000000,0.001,0.001,5,2,7,online,1,0.02,0.02,no,200,1721376000000,
RIFUSDT,RIF,USDT,0,900000000000000000000,0.001,0.001,4,2,6,online,1,0.02,0.02,no,200,1701424800000,
ARKUSDT,ARK,USDT,0,900000000000000000000,0.001,0.001,4,2,6,online,1,0.02,0.02,no,200,1701684000000,
A8USDT,A8,USDT,0,900000000000000000000,0.001,0.001,4,2,6,online,1,0.1,0.1,no,200,1721210400000,
LSKUSDT,LSK,USDT,0,900000000000000000000,0.001,0.001,3,2,5,online,1,0.02,0.02,no,200,1701684000000,
VANRYUSDT,VANRY,USDT,0,900000000000000000000,0.001,0.001,4,1,5,online,1,0.02,0.02,no,200,1701680400000,
GSWIFTUSDT,GSWIFT,USDT,0,900000000000000000000,0.001,0.001,5,2,7,online,1,10,0.9,no,200,1701860400000,
CETUSUSDT,CETUS,USDT,0,900000000000000000000,0.001,0.001,4,2,6,online,1,10,0.9,no,200,1701946800000,
JTOUSDT,JTO,USDT,0,900000000000000000000,0.001,0.001,3,2,5,online,1,10,0.9,no,200,1701964799000,
SAMOUSDT,SAMO,USDT,0,900000000000000000000,0.001,0.001,6,2,8,online,1,0.1,0.1,no,200,1702288800000,
CTCUSDT,CTC,USDT,0,900000000000000000000,0.001,0.001,4,2,6,online,1,0.02,0.02,no,200,1702533600000,
LMWRUSDT,LMWR,USDT,0,900000000000000000000,0.001,0.001,5,2,7,online,1,10,0.9,no,200,1702551600000,
ONEUSDT,ONE,USDT,0,900000000000000000000,0.001,0.001,5,0,5,online,1,0.05,0.05,no,200,1664275560000,
SSVUSDT,SSV,USDT,0,900000000000000000000,0.001,0.001,2,3,5,online,1,0.05,0.05,no,200,1664358360000,
AXLUSDT,AXL,USDT,0,900000000000000000000,0.001,0.001,5,2,7,online,1,0.05,0.05,no,200,1664358360000,
IDEXUSDT,IDEX,USDT,0,900000000000000000000,0.001,0.001,5,1,6,online,1,0.05,0.05,no,200,1664442060000,
INJUSDT,INJ,USDT,0,900000000000000000000,0.001,0.001,2,1,3,online,1,0.05,0.05,no,200,1664442060000,
IOTXUSDT,IOTX,USDT,0,900000000000000000000,0.001,0.001,5,0,5,online,1,0.05,0.05,no,200,1664446740000,
IQUSDT,IQ,USDT,0,900000000000000000000,0.001,0.001,6,1,7,online,1,0.02,0.02,no,200,1708945200000,
ALEXUSDT,ALEX,USDT,0,900000000000000000000,0.001,0.001,5,2,7,online,1,10,0.9,no,200,1702897200000,
MBXUSDT,MBX,USDT,0,900000000000000000000,0.001,0.001,4,2,6,online,1,10,0.9,no,200,1702900800000,
ACEUSDT,ACE,USDT,0,900000000000000000000,0.001,0.001,3,2,5,online,1,0.02,0.02,no,200,1702880100000,
ARGUSDT,ARG,USDT,0,900000000000000000000,0.001,0.001,4,2,6,online,1,0.05,0.05,no,200,1664546760000,
ALUUSDT,ALU,USDT,0,900000000000000000000,0.001,0.001,5,2,7,online,1,10,0.9,no,200,1702983600000,
COQUSDT,COQ,USDT,0,900000000000000000000,0.001,0.001,9,2,11,online,1,0.05,0.05,no,200,1702976400000,
GMXUSDT,GMX,USDT,0,900000000000000000000,0.001,0.001,2,2,4,online,1,0.05,0.05,no,200,1664961600000,
LEVERUSDT,LEVER,USDT,0,900000000000000000000,0.001,0.001,6,0,6,online,1,0.05,0.05,no,200,1665390360000,1752314400000
LOKAUSDT,LOKA,USDT,0,900000000000000000000,0.001,0.001,4,1,5,online,1,0.05,0.05,no,200,1665390180000,
MTLUSDT,MTL,USDT,0,900000000000000000000,0.001,0.001,3,1,4,online,1,0.05,0.05,no,200,1665478260000,
MINAUSDT,MINA,USDT,0,900000000000000000000,0.001,0.001,4,2,6,online,1,0.05,0.05,no,200,1665478260000,
NMRUSDT,NMR,USDT,0,900000000000000000000,0.001,0.001,2,2,4,online,1,0.05,0.05,no,200,1665568200000,
OXTUSDT,OXT,USDT,0,900000000000000000000,0.001,0.001,5,3,8,online,1,0.05,0.05,no,200,1665651660000,
OGUSDT,OG,USDT,0,900000000000000000000,0.001,0.001,3,3,6,online,1,0.05,0.05,no,200,1665651840000,
POWRUSDT,POWR,USDT,0,900000000000000000000,0.001,0.001,4,3,7,online,1,0.05,0.05,no,200,1665734160000,
PYRUSDT,PYR,USDT,0,900000000000000000000,0.001,0.001,3,4,7,online,1,0.05,0.05,no,200,1665737220000,
PUNDIXUSDT,PUNDIX,USDT,0,900000000000000000000,0.001,0.001,4,3,7,online,1,0.05,0.05,no,200,1665737220000,
PONDUSDT,POND,USDT,0,900000000000000000000,0.001,0.001,5,0,5,online,1,0.05,0.05,no,200,1665737220000,
PROMUSDT,PROM,USDT,0,900000000000000000000,0.001,0.001,3,3,6,online,1,0.05,0.05,no,200,1665743640000,
PHBUSDT,PHB,USDT,0,900000000000000000000,0.001,0.001,3,3,6,online,1,0.05,0.05,no,200,1665743640000,
QKCUSDT,QKC,USDT,0,900000000000000000000,0.001,0.001,6,3,9,online,1,0.05,0.05,no,200,1665996180000,
QNTUSDT,QNT,USDT,0,900000000000000000000,0.001,0.001,1,4,5,online,1,0.05,0.05,no,200,1665996180000,
ROUTEUSDT,ROUTE,USDT,0,900000000000000000000,0.001,0.001,5,2,7,online,1,0.1,0.1,no,200,1724065200000,
APTUSDT,APT,USDT,0,900000000000000000000,0.001,0.001,3,2,5,online,1,0.05,0.05,no,200,1666141200000,
SNTUSDT,SNT,USDT,0,900000000000000000000,0.001,0.001,5,1,6,online,1,0.05,0.05,no,200,1666172340000,
SUPERUSDT,SUPER,USDT,0,900000000000000000000,0.001,0.001,3,1,4,online,1,0.05,0.05,no,200,1666169940000,
SYNUSDT,SYN,USDT,0,900000000000000000000,0.001,0.001,4,2,6,online,1,0.05,0.05,no,200,1666169940000,
TUSDT,T,USDT,0,900000000000000000000,0.001,0.001,5,0,5,online,1,0.05,0.05,no,200,1666259820000,
TRBUSDT,TRB,USDT,0,900000000000000000000,0.001,0.001,2,4,6,online,1,0.05,0.05,no,200,1666256940000,
TWTUSDT,TWT,USDT,0,900000000000000000000,0.001,0.001,4,3,7,online,1,0.05,0.05,no,200,1666256820000,
WAVESUSDT,WAVES,USDT,0,900000000000000000000,0.001,0.001,4,3,7,online,1,0.05,0.05,no,200,1666689540000,
XCNUSDT,XCN,USDT,0,900000000000000000000,0.001,0.001,6,0,6,online,1,0.05,0.05,no,200,1666775160000,
XPRUSDT,XPR,USDT,0,900000000000000000000,0.001,0.001,6,0,6,online,1,0.05,0.05,no,200,1666775040000,
RADUSDT,RAD,USDT,0,900000000000000000000,0.001,0.001,4,4,8,online,1,0.05,0.05,no,200,1667534400000,
HFTUSDT,HFT,USDT,0,900000000000000000000,0.001,0.001,4,3,7,online,1,0.05,0.05,no,200,1667826000000,
USDTBRL,USDT,BRL,0,900000000000000000000,0.001,0.001,3,1,4,online,1,0.05,0.05,no,200,1668597840000,
BTCBRL,BTC,BRL,0,900000000000000000000,0.001,0.001,0,5,5,online,1,0.05,0.05,no,200,1668598980000,
ETHBRL,ETH,BRL,0,900000000000000000000,0.001,0.001,1,4,5,online,1,0.05,0.05,no,200,1668599280000,
ONTUSDT,ONT,USDT,0,900000000000000000000,0.001,0.001,4,0,4,online,1,0.05,0.05,no,200,1669186320000,
ONGUSDT,ONG,USDT,0,900000000000000000000,0.001,0.001,4,2,6,online,1,0.1,0.1,no,200,1713956400000,
HOOKUSDT,HOOK,USDT,0,900000000000000000000,0.001,0.001,4,1,5,online,1,0.05,0.05,no,200,1669991400000,
AGLDUSDT,AGLD,USDT,0,900000000000000000000,0.002,0.002,3,4,7,online,1,0.05,0.05,no,200,1632724440000,
KAVAUSDT,KAVA,USDT,0,900000000000000000000,0.001,0.001,4,1,5,online,1,0.05,0.05,no,200,1670834640000,
DYDXUSDT,DYDX,USDT,0,900000000000000000000,0.002,0.002,4,4,8,online,1,0.05,0.05,no,200,1633759920000,
OASUSDT,OAS,USDT,0,900000000000000000000,0.001,0.001,5,0,5,online,1,0.05,0.05,no,200,1670839140000,
CELRUSDT,CELR,USDT,0,900000000000000000000,0.002,0.002,5,4,9,online,1,0.05,0.05,no,200,1634101200000,
GEARUSDT,GEAR,USDT,0,900000000000000000000,0.001,0.001,6,0,6,online,1,0.05,0.05,no,200,1671793200000,
RACAUSDT,RACA,USDT,0,900000000000000000000,0.002,0.002,7,4,11,online,1,0.05,0.05,no,200,1634101200000,
BONKUSDT,BONK,USDT,0,900000000000000000000,0.001,0.001,8,0,8,online,1,0.05,0.05,no,200,1672898400000,
MBOXUSDT,MBOX,USDT,0,900000000000000000000,0.002,0.002,4,4,8,online,1,0.05,0.05,no,200,1634539920000,
AXSUSDT,AXS,USDT,0,900000000000000000000,0.002,0.002,3,4,7,online,1,0.05,0.05,no,200,1634539920000,
HIGHUSDT,HIGH,USDT,0,900000000000000000000,0.002,0.002,3,4,7,online,1,0.05,0.05,no,200,1634539920000,
GNSUSDT,GNS,USDT,0,900000000000000000000,0.001,0.001,3,2,5,online,1,10,0.9,no,200,1673514000000,
USDTEUR,USDT,EUR,0,900000000000000000000,0.001,0.001,4,0,4,online,1,0.05,0.05,no,200,1674036120000,
BTCEUR,BTC,EUR,0,900000000000000000000,0.001,0.001,2,5,7,online,1,0.05,0.05,no,200,1674036120000,
SLPUSDT,SLP,USDT,0,900000000000000000000,0.002,0.002,6,4,10,online,1,0.05,0.05,no,200,1634799780000,
GALAUSDT,GALA,USDT,0,900000000000000000000,0.002,0.002,5,4,9,online,1,0.05,0.05,no,200,1634799780000,
ETHEUR,ETH,EUR,0,900000000000000000000,0.001,0.001,2,4,6,online,1,0.05,0.05,no,200,1674036120000,
SANDUSDT,SAND,USDT,0,900000000000000000000,0.002,0.002,4,4,8,online,1,0.05,0.05,no,200,1634869020000,
ALICEUSDT,ALICE,USDT,0,900000000000000000000,0.002,0.002,4,4,8,online,1,0.05,0.05,no,200,1634869020000,
TLMUSDT,TLM,USDT,0,900000000000000000000,0.002,0.002,5,4,9,online,1,0.05,0.05,no,200,1634869020000,
RPLUSDT,RPL,USDT,0,900000000000000000000,0.001,0.001,3,4,7,online,1,0.05,0.05,no,200,1674025200000,
GODSUSDT,GODS,USDT,0,900000000000000000000,0.002,0.002,4,4,8,online,1,0.05,0.05,no,200,1636352400000,
DOTUSDT,DOT,USDT,0,900000000000000000000,0.002,0.002,3,4,7,online,1,0.05,0.05,no,200,1636429260000,
ATOMUSDT,ATOM,USDT,0,900000000000000000000,0.002,0.002,3,4,7,online,1,0.05,0.05,no,200,1636429260000,
IMXUSDT,IMX,USDT,0,900000000000000000000,0.002,0.002,3,4,7,online,1,0.05,0.05,no,200,1636515180000,
MOVRUSDT,MOVR,USDT,0,900000000000000000000,0.002,0.002,3,4,7,online,1,0.05,0.05,no,200,1636515180000,
ENSUSDT,ENS,USDT,0,900000000000000000000,0.002,0.002,2,4,6,online,1,0.05,0.05,no,200,1636947720000,
WILDUSDT,WILD,USDT,0,900000000000000000000,0.002,0.002,4,4,8,online,1,0.05,0.05,no,200,1636606500000,
AVAXUSDT,AVAX,USDT,0,900000000000000000000,0.002,0.002,2,4,6,online,1,0.05,0.05,no,200,1637217960000,
CROUSDT,CRO,USDT,0,900000000000000000000,0.001,0.001,5,4,9,online,1,0.05,0.05,no,200,1638338700000,
XRPETH,XRP,ETH,0,900000000000000000000,0.001,0.001,7,4,11,online,1,0.05,0.05,no,200,1638512340000,
ATOMBTC,ATOM,BTC,0,900000000000000000000,0.001,0.001,7,4,11,online,1,0.05,0.05,no,200,1638774060000,
JASMYUSDT,JASMY,USDT,0,900000000000000000000,0.001,0.001,5,4,9,online,1,0.05,0.05,no,200,1638773520000,
TONUSDT,TON,USDT,0,900000000000000000000,0.001,0.001,3,2,5,online,1,0.1,0.1,no,200,1680864042000,
CVXUSDT,CVX,USDT,0,900000000000000000000,0.001,0.001,3,4,7,online,1,0.05,0.05,no,200,1639464660000,
SPELLUSDT,SPELL,USDT,0,900000000000000000000,0.001,0.001,7,4,11,online,1,0.05,0.05,no,200,1639550160000,
HOTUSDT,HOT,USDT,0,900000000000000000000,0.001,0.001,6,4,10,online,1,0.05,0.05,no,200,1639972680000,
COTIUSDT,COTI,USDT,0,900000000000000000000,0.001,0.001,5,4,9,online,1,0.05,0.05,no,200,1639981560000,
FXSUSDT,FXS,USDT,0,900000000000000000000,0.001,0.001,3,4,7,online,1,0.05,0.05,no,200,1639724160000,
DENTUSDT,DENT,USDT,0,900000000000000000000,0.001,0.001,6,4,10,online,1,0.05,0.05,no,200,1640154660000,
FLOKIUSDT,FLOKI,USDT,0,900000000000000000000,0.001,0.001,7,2,9,online,1,0.05,0.05,no,200,1640158440000,
FILETH,FIL,ETH,0,900000000000000000000,0.001,0.001,6,4,10,online,1,0.05,0.05,no,200,1640241660000,
WHYUSDT,WHY,USDT,0,900000000000000000000,0.001,0.001,10,2,12,online,1,0.1,0.1,no,200,1722506400000,
WIFEUR,WIF,EUR,0,900000000000000000000,0.001,0.001,3,2,5,online,1,200,0.99,no,200,1722420000000,
RENDERUSDT,RENDER,USDT,0,900000000000000000000,0.001,0.001,3,2,5,online,1,0.02,0.02,no,200,1722409200000,
L3USDT,L3,USDT,0,900000000000000000000,0.001,0.001,5,2,7,online,1,0.02,0.02,no,200,1722333600000,
MAXUSDT,MAX,USDT,0,900000000000000000000,0.001,0.001,5,2,7,online,1,0.1,0.1,no,200,1722852000000,
NEIROETHUSDT,NEIROETH,USDT,0,900000000000000000000,0.001,0.001,4,2,6,online,1,0.1,0.1,no,200,1722502800000,
DTECUSDT,DTEC,USDT,0,900000000000000000000,0.001,0.001,5,2,7,online,1,0.1,0.1,no,200,1722510000000,
AINUSDT,AIN,USDT,0,900000000000000000000,0.001,0.001,6,2,8,online,1,0.1,0.1,no,200,1723892400000,
WUFUSDT,WUF,USDT,0,900000000000000000000,0.001,0.001,9,2,11,online,1,0.1,0.1,no,200,1723716000000,1752314400000
ICXUSDT,ICX,USDT,0,900000000000000000000,0.001,0.001,4,2,6,online,1,0.02,0.02,no,200,1723546800000,
NMTUSDT,NMT,USDT,0,900000000000000000000,0.001,0.001,3,2,5,online,1,0.1,0.1,no,200,1723284000000,
DOGSUSDT,DOGS,USDT,0,900000000000000000000,0.001,0.001,7,2,9,online,1,0.02,0.02,no,200,1724673600000,
SUNDOGUSDT,SUNDOG,USDT,0,900000000000000000000,0.001,0.001,4,2,6,online,1,0.1,0.1,no,200,1724148000000,
CECUSDT,CEC,USDT,0,900000000000000000000,0.001,0.001,6,2,8,online,1,0.02,0.02,no,200,1725876000000,
MAKUSDT,MAK,USDT,0,900000000000000000000,0.001,0.001,5,2,7,online,1,0.1,0.1,no,200,1725537600000,
CPOOLUSDT,CPOOL,USDT,0,900000000000000000000,0.001,0.001,5,2,7,online,1,0.1,0.1,no,200,1725444000000,
BRNUSDT,BRN,USDT,0,900000000000000000000,0.001,0.001,4,2,6,online,1,0.1,0.1,no,200,1725102000000,
SLFUSDT,SLF,USDT,0,900000000000000000000,0.001,0.001,4,2,6,online,1,0.02,0.02,no,200,1725006600000,
ORDERUSDT,ORDER,USDT,0,900000000000000000000,0.001,0.001,4,1,5,online,1,0.02,0.02,no,200,1724666400000,
EGPUSDT,EGP,USDT,0,900000000000000000000,0.001,0.001,4,2,6,online,1,0.02,0.02,no,200,1727258400000,1752314400000
CATIUSDT,CATI,USDT,0,900000000000000000000,0.001,0.001,4,2,6,online,1,0.02,0.02,no,200,1726826400000,
NEIROCTOUSDT,NEIROCTO,USDT,0,900000000000000000000,0.001,0.001,7,2,9,online,1,0.02,0.02,no,200,1726480800000,
ZCXUSDT,ZCX,USDT,0,900000000000000000000,0.001,0.001,4,2,6,online,1,0.1,0.1,no,200,1727258400000,
HMSTRUSDT,HMSTR,USDT,0,900000000000000000000,0.001,0.001,6,1,7,online,1,0.02,0.02,no,200,1727352000000,
PUFFERUSDT,PUFFER,USDT,0,900000000000000000000,0.001,0.001,4,2,6,online,1,0.02,0.02,no,200,1728907200000,
CARVUSDT,CARV,USDT,0,900000000000000000000,0.001,0.001,4,2,6,online,1,0.02,0.02,no,200,1728547200000,
CATSUSDT,CATS,USDT,0,900000000000000000000,0.001,0.001,8,2,10,online,1,0.02,0.02,no,200,1728381600000,1752314400000
EIGENUSDT,EIGEN,USDT,0,900000000000000000000,0.001,0.001,3,2,5,online,1,0.02,0.02,no,200,1727755200000,
MOODENGUSDT,MOODENG,USDT,0,900000000000000000000,0.001,0.001,4,2,6,online,1,0.02,0.02,no,200,1727431200000,
